CustomerID,OrderCount,TotalSpend,AverageOrderValue,TotalQuantity,AverageQuantity,AverageUnitPrice,AverageItemsInCart,MaxOrderValue,MinOrderValue,CouponUsage,DeliveredRate,CancelledRate,ReturnedRate,AverageMonth,AverageDayOfWeek,Product_Chair,Product_Desk,Product_Laptop,Product_Monitor,Product_Phone,Product_Printer,Product_Tablet,PaymentMethod_Cash,PaymentMethod_Credit Card,PaymentMethod_Debit Card,PaymentMethod_Gift Card,PaymentMethod_Online,ReferralSource_Email,ReferralSource_Facebook,ReferralSource_Google,ReferralSource_Instagram,ReferralSource_Referral,Cluster
C10002,1,1470.03,1470.03,3,3.0,490.01,4.0,1470.03,1470.03,1.0,0.0,0.0,1.0,10.0,0.0,0.0,0.0,0.0,0.0,0.0,1.0,0.0,1.0,0.0,0.0,0.0,0.0,0.0,1.0,0.0,0.0,0.0,0
C10054,1,153.48,153.48,2,2.0,76.74,7.0,153.48,153.48,1.0,0.0,0.0,1.0,10.0,0.0,0.0,0.0,1.0,0.0,0.0,0.0,0.0,1.0,0.0,0.0,0.0,0.0,0.0,0.0,0.0,1.0,0.0,1
C10126,1,1349.8,1349.8,2,2.0,674.9,4.0,1349.8,1349.8,1.0,0.0,0.0,0.0,6.0,6.0,0.0,0.0,0.0,1.0,0.0,0.0,0.0,0.0,0.0,0.0,0.0,1.0,0.0,1.0,0.0,0.0,0.0,1
C10154,1,1303.04,1303.04,4,4.0,325.76,8.0,1303.04,1303.04,1.0,0.0,0.0,0.0,7.0,0.0,0.0,1.0,0.0,0.0,0.0,0.0,0.0,0.0,0.0,0.0,1.0,0.0,1.0,0.0,0.0,0.0,0.0,0
C10211,1,635.9,635.9,5,5.0,127.18,10.0,635.9,635.9,1.0,0.0,1.0,0.0,5.0,3.0,0.0,1.0,0.0,0.0,0.0,0.0,0.0,0.0,0.0,1.0,0.0,0.0,0.0,0.0,1.0,0.0,0.0,1
C10222,1,204.08,204.08,1,1.0,204.08,4.0,204.08,204.08,0.0,0.0,0.0,1.0,9.0,2.0,0.0,0.0,1.0,0.0,0.0,0.0,0.0,0.0,0.0,0.0,1.0,0.0,0.0,0.0,1.0,0.0,0.0,1
C10477,1,466.42,466.42,1,1.0,466.42,5.0,466.42,466.42,1.0,0.0,0.0,0.0,5.0,2.0,0.0,0.0,1.0,0.0,0.0,0.0,0.0,0.0,0.0,0.0,1.0,0.0,1.0,0.0,0.0,0.0,0.0,1
C10642,1,922.74,922.74,2,2.0,461.37,5.0,922.74,922.74,1.0,1.0,0.0,0.0,6.0,2.0,0.0,0.0,0.0,0.0,0.0,0.0,1.0,1.0,0.0,0.0,0.0,0.0,0.0,0.0,1.0,0.0,0.0,1
C10787,1,1099.28,1099.28,4,4.0,274.82,9.0,1099.28,1099.28,1.0,1.0,0.0,0.0,10.0,0.0,0.0,0.0,0.0,1.0,0.0,0.0,0.0,0.0,0.0,1.0,0.0,0.0,1.0,0.0,0.0,0.0,0.0,0
C10791,1,355.09,355.09,1,1.0,355.09,5.0,355.09,355.09,1.0,0.0,1.0,0.0,12.0,2.0,0.0,1.0,0.0,0.0,0.0,0.0,0.0,0.0,0.0,1.0,0.0,0.0,0.0,0.0,0.0,1.0,0.0,1
C10866,1,789.57,789.57,3,3.0,263.19,5.0,789.57,789.57,0.0,1.0,0.0,0.0,12.0,1.0,0.0,0.0,0.0,1.0,0.0,0.0,0.0,0.0,0.0,0.0,0.0,1.0,0.0,0.0,0.0,1.0,0.0,1
C10892,1,754.94,754.94,2,2.0,377.47,7.0,754.94,754.94,0.0,0.0,0.0,0.0,7.0,5.0,0.0,1.0,0.0,0.0,0.0,0.0,0.0,1.0,0.0,0.0,0.0,0.0,0.0,0.0,1.0,0.0,0.0,1
C11127,1,1306.65,1306.65,5,5.0,261.33,5.0,1306.65,1306.65,1.0,0.0,0.0,1.0,8.0,2.0,1.0,0.0,0.0,0.0,0.0,0.0,0.0,0.0,1.0,0.0,0.0,0.0,0.0,0.0,0.0,0.0,1.0,0
C11210,1,454.6,454.6,5,5.0,90.92,9.0,454.6,454.6,1.0,1.0,0.0,0.0,9.0,0.0,1.0,0.0,0.0,0.0,0.0,0.0,0.0,0.0,1.0,0.0,0.0,0.0,0.0,1.0,0.0,0.0,0.0,1
C11415,1,2876.2,2876.2,5,5.0,575.24,7.0,2876.2,2876.2,1.0,1.0,0.0,0.0,3.0,4.0,0.0,0.0,0.0,1.0,0.0,0.0,0.0,1.0,0.0,0.0,0.0,0.0,1.0,0.0,0.0,0.0,0.0,0
C11473,1,146.82,146.82,2,2.0,73.41,2.0,146.82,146.82,1.0,0.0,0.0,0.0,12.0,3.0,0.0,0.0,0.0,0.0,0.0,1.0,0.0,0.0,0.0,0.0,0.0,1.0,0.0,0.0,1.0,0.0,0.0,1
C11644,1,46.66,46.66,1,1.0,46.66,6.0,46.66,46.66,0.0,0.0,1.0,0.0,7.0,4.0,0.0,0.0,0.0,0.0,0.0,1.0,0.0,1.0,0.0,0.0,0.0,0.0,0.0,0.0,1.0,0.0,0.0,1
C11657,1,264.4,264.4,4,4.0,66.1,9.0,264.4,264.4,1.0,0.0,0.0,1.0,12.0,6.0,0.0,0.0,0.0,0.0,0.0,0.0,1.0,1.0,0.0,0.0,0.0,0.0,0.0,0.0,1.0,0.0,0.0,1
C11665,1,337.38,337.38,3,3.0,112.46,6.0,337.38,337.38,1.0,0.0,0.0,0.0,4.0,4.0,0.0,0.0,0.0,0.0,0.0,0.0,1.0,0.0,0.0,0.0,1.0,0.0,0.0,0.0,0.0,1.0,0.0,1
C11676,1,929.0,929.0,2,2.0,464.5,2.0,929.0,929.0,1.0,0.0,1.0,0.0,6.0,2.0,0.0,0.0,0.0,1.0,0.0,0.0,0.0,0.0,0.0,0.0,0.0,1.0,0.0,0.0,0.0,1.0,0.0,1
C11829,1,279.14,279.14,2,2.0,139.57,4.0,279.14,279.14,1.0,1.0,0.0,0.0,5.0,6.0,0.0,1.0,0.0,0.0,0.0,0.0,0.0,1.0,0.0,0.0,0.0,0.0,0.0,1.0,0.0,0.0,0.0,1
C11849,1,476.5,476.5,2,2.0,238.25,7.0,476.5,476.5,1.0,0.0,1.0,0.0,10.0,6.0,0.0,0.0,0.0,0.0,0.0,0.0,1.0,0.0,0.0,0.0,0.0,1.0,1.0,0.0,0.0,0.0,0.0,1
C11893,1,1582.0,1582.0,5,5.0,316.4,7.0,1582.0,1582.0,0.0,0.0,0.0,1.0,9.0,4.0,0.0,0.0,1.0,0.0,0.0,0.0,0.0,0.0,0.0,0.0,1.0,0.0,1.0,0.0,0.0,0.0,0.0,0
C11906,1,1237.59,1237.59,3,3.0,412.53,6.0,1237.59,1237.59,1.0,0.0,0.0,0.0,1.0,2.0,0.0,0.0,0.0,0.0,0.0,1.0,0.0,0.0,0.0,0.0,0.0,1.0,0.0,0.0,1.0,0.0,0.0,1
C11921,1,452.7,452.7,1,1.0,452.7,5.0,452.7,452.7,1.0,0.0,0.0,0.0,11.0,4.0,0.0,0.0,0.0,0.0,1.0,0.0,0.0,0.0,0.0,1.0,0.0,0.0,0.0,0.0,0.0,1.0,0.0,1
C11940,1,448.02,448.02,3,3.0,149.34,7.0,448.02,448.02,1.0,0.0,1.0,0.0,9.0,1.0,0.0,0.0,0.0,0.0,0.0,0.0,1.0,0.0,0.0,0.0,1.0,0.0,1.0,0.0,0.0,0.0,0.0,1
C11985,1,30.44,30.44,1,1.0,30.44,1.0,30.44,30.44,1.0,0.0,0.0,0.0,10.0,5.0,0.0,0.0,0.0,0.0,0.0,1.0,0.0,0.0,1.0,0.0,0.0,0.0,1.0,0.0,0.0,0.0,0.0,1
C11998,1,1495.98,1495.98,3,3.0,498.66,6.0,1495.98,1495.98,0.0,0.0,1.0,0.0,2.0,6.0,1.0,0.0,0.0,0.0,0.0,0.0,0.0,1.0,0.0,0.0,0.0,0.0,1.0,0.0,0.0,0.0,0.0,0
C12039,1,132.68,132.68,1,1.0,132.68,1.0,132.68,132.68,1.0,0.0,0.0,1.0,12.0,1.0,0.0,0.0,1.0,0.0,0.0,0.0,0.0,0.0,0.0,1.0,0.0,0.0,0.0,0.0,0.0,0.0,1.0,1
C12245,1,815.58,815.58,2,2.0,407.79,3.0,815.58,815.58,0.0,0.0,0.0,0.0,5.0,2.0,0.0,0.0,0.0,1.0,0.0,0.0,0.0,0.0,0.0,1.0,0.0,0.0,0.0,0.0,1.0,0.0,0.0,1
C12301,1,531.74,531.74,1,1.0,531.74,1.0,531.74,531.74,1.0,0.0,0.0,0.0,9.0,0.0,0.0,0.0,0.0,0.0,0.0,0.0,1.0,0.0,0.0,0.0,0.0,1.0,0.0,0.0,1.0,0.0,0.0,1
C12388,1,2683.6,2683.6,5,5.0,536.72,10.0,2683.6,2683.6,0.0,1.0,0.0,0.0,5.0,0.0,0.0,0.0,0.0,0.0,0.0,0.0,1.0,1.0,0.0,0.0,0.0,0.0,1.0,0.0,0.0,0.0,0.0,0
C12408,1,161.54,161.54,2,2.0,80.77,4.0,161.54,161.54,0.0,0.0,0.0,0.0,8.0,5.0,0.0,0.0,0.0,1.0,0.0,0.0,0.0,0.0,0.0,1.0,0.0,0.0,0.0,0.0,1.0,0.0,0.0,1
C12421,1,93.02,93.02,1,1.0,93.02,4.0,93.02,93.02,0.0,0.0,0.0,1.0,4.0,4.0,0.0,0.0,0.0,0.0,0.0,0.0,1.0,0.0,0.0,0.0,0.0,1.0,1.0,0.0,0.0,0.0,0.0,1
C12444,1,230.88,230.88,3,3.0,76.96,8.0,230.88,230.88,1.0,0.0,0.0,1.0,9.0,1.0,0.0,0.0,0.0,0.0,1.0,0.0,0.0,1.0,0.0,0.0,0.0,0.0,1.0,0.0,0.0,0.0,0.0,1
C12459,1,284.16,284.16,2,2.0,142.08,4.0,284.16,284.16,1.0,1.0,0.0,0.0,9.0,4.0,0.0,0.0,0.0,0.0,1.0,0.0,0.0,0.0,0.0,0.0,1.0,0.0,0.0,0.0,0.0,0.0,1.0,1
C12472,1,252.93,252.93,3,3.0,84.31,3.0,252.93,252.93,1.0,0.0,0.0,0.0,2.0,6.0,1.0,0.0,0.0,0.0,0.0,0.0,0.0,0.0,1.0,0.0,0.0,0.0,1.0,0.0,0.0,0.0,0.0,1
C12479,1,124.1,124.1,5,5.0,24.82,10.0,124.1,124.1,0.0,0.0,0.0,0.0,10.0,0.0,0.0,0.0,0.0,1.0,0.0,0.0,0.0,0.0,1.0,0.0,0.0,0.0,0.0,0.0,0.0,0.0,1.0,1
C12487,1,1427.07,1427.07,3,3.0,475.69,3.0,1427.07,1427.07,1.0,0.0,1.0,0.0,1.0,0.0,0.0,0.0,0.0,0.0,0.0,0.0,1.0,0.0,0.0,0.0,1.0,0.0,0.0,0.0,1.0,0.0,0.0,0
C12607,1,281.52,281.52,1,1.0,281.52,6.0,281.52,281.52,1.0,0.0,0.0,0.0,4.0,2.0,0.0,1.0,0.0,0.0,0.0,0.0,0.0,0.0,0.0,0.0,1.0,0.0,0.0,0.0,0.0,0.0,1.0,1
C12609,1,547.32,547.32,4,4.0,136.83,8.0,547.32,547.32,1.0,0.0,0.0,0.0,11.0,6.0,0.0,0.0,0.0,0.0,1.0,0.0,0.0,0.0,0.0,1.0,0.0,0.0,1.0,0.0,0.0,0.0,0.0,1
C12667,1,223.3,223.3,1,1.0,223.3,1.0,223.3,223.3,0.0,0.0,0.0,1.0,4.0,6.0,0.0,0.0,1.0,0.0,0.0,0.0,0.0,0.0,0.0,0.0,0.0,1.0,0.0,1.0,0.0,0.0,0.0,1
C12740,1,644.75,644.75,5,5.0,128.95,10.0,644.75,644.75,1.0,0.0,0.0,0.0,9.0,3.0,0.0,1.0,0.0,0.0,0.0,0.0,0.0,1.0,0.0,0.0,0.0,0.0,0.0,0.0,0.0,1.0,0.0,1
C12813,1,1462.7,1462.7,5,5.0,292.54,8.0,1462.7,1462.7,1.0,0.0,1.0,0.0,3.0,5.0,0.0,0.0,1.0,0.0,0.0,0.0,0.0,0.0,0.0,1.0,0.0,0.0,1.0,0.0,0.0,0.0,0.0,0
C12818,1,191.04,191.04,3,3.0,63.68,6.0,191.04,191.04,0.0,0.0,0.0,1.0,12.0,2.0,1.0,0.0,0.0,0.0,0.0,0.0,0.0,1.0,0.0,0.0,0.0,0.0,0.0,1.0,0.0,0.0,0.0,1
C13100,1,1177.64,1177.64,4,4.0,294.41,4.0,1177.64,1177.64,0.0,0.0,0.0,0.0,12.0,0.0,0.0,1.0,0.0,0.0,0.0,0.0,0.0,0.0,0.0,1.0,0.0,0.0,0.0,0.0,0.0,1.0,0.0,1
C13108,1,3293.85,3293.85,5,5.0,658.77,10.0,3293.85,3293.85,1.0,0.0,0.0,0.0,4.0,3.0,0.0,0.0,1.0,0.0,0.0,0.0,0.0,0.0,0.0,0.0,1.0,0.0,0.0,0.0,0.0,1.0,0.0,0
C13169,1,536.07,536.07,1,1.0,536.07,5.0,536.07,536.07,1.0,1.0,0.0,0.0,11.0,2.0,0.0,0.0,0.0,0.0,0.0,0.0,1.0,0.0,0.0,1.0,0.0,0.0,0.0,0.0,1.0,0.0,0.0,1
C13186,1,889.68,889.68,2,2.0,444.84,7.0,889.68,889.68,0.0,0.0,0.0,0.0,8.0,1.0,0.0,0.0,0.0,0.0,0.0,0.0,1.0,0.0,0.0,0.0,0.0,1.0,0.0,1.0,0.0,0.0,0.0,1
C13205,1,2107.1,2107.1,5,5.0,421.42,7.0,2107.1,2107.1,0.0,0.0,1.0,0.0,1.0,2.0,1.0,0.0,0.0,0.0,0.0,0.0,0.0,0.0,0.0,1.0,0.0,0.0,0.0,0.0,0.0,1.0,0.0,0
C13296,1,108.82,108.82,2,2.0,54.41,6.0,108.82,108.82,0.0,0.0,0.0,0.0,6.0,5.0,1.0,0.0,0.0,0.0,0.0,0.0,0.0,0.0,0.0,0.0,0.0,1.0,0.0,0.0,0.0,1.0,0.0,1
C13324,1,1199.48,1199.48,2,2.0,599.74,2.0,1199.48,1199.48,0.0,0.0,0.0,0.0,3.0,5.0,0.0,0.0,0.0,0.0,0.0,0.0,1.0,0.0,0.0,0.0,1.0,0.0,0.0,0.0,0.0,1.0,0.0,1
C13366,1,2714.2,2714.2,4,4.0,678.55,5.0,2714.2,2714.2,0.0,1.0,0.0,0.0,7.0,3.0,0.0,0.0,0.0,0.0,0.0,1.0,0.0,1.0,0.0,0.0,0.0,0.0,1.0,0.0,0.0,0.0,0.0,0
C13501,1,427.6,427.6,5,5.0,85.52,5.0,427.6,427.6,0.0,0.0,1.0,0.0,8.0,2.0,1.0,0.0,0.0,0.0,0.0,0.0,0.0,0.0,0.0,0.0,1.0,0.0,0.0,1.0,0.0,0.0,0.0,1
C13525,1,212.79,212.79,3,3.0,70.93,5.0,212.79,212.79,0.0,0.0,0.0,1.0,6.0,3.0,0.0,0.0,0.0,0.0,0.0,0.0,1.0,0.0,0.0,1.0,0.0,0.0,0.0,0.0,0.0,0.0,1.0,1
C13540,1,1239.64,1239.64,4,4.0,309.91,5.0,1239.64,1239.64,1.0,0.0,0.0,0.0,6.0,6.0,0.0,0.0,0.0,0.0,0.0,1.0,0.0,0.0,0.0,1.0,0.0,0.0,0.0,0.0,1.0,0.0,0.0,0
C13877,1,3384.9,3384.9,5,5.0,676.98,5.0,3384.9,3384.9,0.0,0.0,1.0,0.0,11.0,6.0,1.0,0.0,0.0,0.0,0.0,0.0,0.0,1.0,0.0,0.0,0.0,0.0,0.0,1.0,0.0,0.0,0.0,0
C13923,1,118.8,118.8,1,1.0,118.8,6.0,118.8,118.8,1.0,1.0,0.0,0.0,10.0,6.0,0.0,0.0,0.0,0.0,0.0,0.0,1.0,0.0,0.0,0.0,0.0,1.0,1.0,0.0,0.0,0.0,0.0,1
C14005,1,80.46,80.46,2,2.0,40.23,4.0,80.46,80.46,1.0,0.0,1.0,0.0,1.0,0.0,0.0,0.0,0.0,0.0,0.0,1.0,0.0,0.0,1.0,0.0,0.0,0.0,0.0,0.0,1.0,0.0,0.0,1
C14017,1,1248.32,1248.32,2,2.0,624.16,2.0,1248.32,1248.32,1.0,0.0,0.0,0.0,5.0,1.0,0.0,0.0,0.0,0.0,1.0,0.0,0.0,0.0,0.0,1.0,0.0,0.0,0.0,0.0,0.0,1.0,0.0,1
C14080,1,283.69,283.69,1,1.0,283.69,6.0,283.69,283.69,0.0,0.0,0.0,0.0,6.0,3.0,0.0,0.0,0.0,0.0,1.0,0.0,0.0,0.0,0.0,0.0,1.0,0.0,0.0,0.0,1.0,0.0,0.0,1
C14114,1,1704.06,1704.06,3,3.0,568.02,3.0,1704.06,1704.06,1.0,0.0,0.0,0.0,9.0,4.0,0.0,1.0,0.0,0.0,0.0,0.0,0.0,0.0,0.0,0.0,0.0,1.0,0.0,0.0,0.0,1.0,0.0,0
C14240,1,491.11,491.11,1,1.0,491.11,4.0,491.11,491.11,1.0,1.0,0.0,0.0,5.0,2.0,0.0,1.0,0.0,0.0,0.0,0.0,0.0,0.0,1.0,0.0,0.0,0.0,0.0,1.0,0.0,0.0,0.0,1
C14427,1,533.9,533.9,2,2.0,266.95,3.0,533.9,533.9,0.0,0.0,0.0,0.0,7.0,1.0,0.0,0.0,1.0,0.0,0.0,0.0,0.0,0.0,1.0,0.0,0.0,0.0,0.0,0.0,0.0,1.0,0.0,1
C14455,1,164.85,164.85,3,3.0,54.95,8.0,164.85,164.85,1.0,0.0,0.0,1.0,12.0,5.0,0.0,1.0,0.0,0.0,0.0,0.0,0.0,1.0,0.0,0.0,0.0,0.0,0.0,0.0,0.0,0.0,1.0,1
C14457,1,395.4,395.4,5,5.0,79.08,8.0,395.4,395.4,0.0,0.0,0.0,0.0,5.0,2.0,0.0,0.0,1.0,0.0,0.0,0.0,0.0,1.0,0.0,0.0,0.0,0.0,0.0,1.0,0.0,0.0,0.0,1
C14552,1,1120.0,1120.0,5,5.0,224.0,9.0,1120.0,1120.0,1.0,0.0,0.0,1.0,1.0,0.0,0.0,0.0,0.0,1.0,0.0,0.0,0.0,1.0,0.0,0.0,0.0,0.0,0.0,0.0,1.0,0.0,0.0,0
C14553,1,440.19,440.19,3,3.0,146.73,8.0,440.19,440.19,1.0,1.0,0.0,0.0,9.0,0.0,0.0,0.0,0.0,0.0,0.0,0.0,1.0,1.0,0.0,0.0,0.0,0.0,1.0,0.0,0.0,0.0,0.0,1
C14568,1,885.32,885.32,4,4.0,221.33,5.0,885.32,885.32,0.0,0.0,0.0,0.0,2.0,5.0,0.0,0.0,1.0,0.0,0.0,0.0,0.0,0.0,0.0,0.0,0.0,1.0,0.0,0.0,1.0,0.0,0.0,1
C14576,1,2156.8,2156.8,4,4.0,539.2,8.0,2156.8,2156.8,1.0,0.0,0.0,0.0,4.0,3.0,0.0,1.0,0.0,0.0,0.0,0.0,0.0,0.0,1.0,0.0,0.0,0.0,0.0,0.0,1.0,0.0,0.0,0
C14600,1,441.8,441.8,2,2.0,220.9,4.0,441.8,441.8,0.0,0.0,0.0,0.0,7.0,3.0,0.0,0.0,0.0,0.0,0.0,1.0,0.0,0.0,0.0,0.0,1.0,0.0,1.0,0.0,0.0,0.0,0.0,1
C14683,1,1069.34,1069.34,2,2.0,534.67,7.0,1069.34,1069.34,1.0,0.0,0.0,0.0,6.0,2.0,0.0,1.0,0.0,0.0,0.0,0.0,0.0,0.0,0.0,1.0,0.0,0.0,0.0,0.0,0.0,0.0,1.0,1
C14737,1,581.64,581.64,4,4.0,145.41,7.0,581.64,581.64,1.0,0.0,0.0,1.0,1.0,5.0,0.0,0.0,0.0,0.0,0.0,0.0,1.0,0.0,1.0,0.0,0.0,0.0,1.0,0.0,0.0,0.0,0.0,1
C14837,1,183.18,183.18,1,1.0,183.18,6.0,183.18,183.18,1.0,0.0,1.0,0.0,4.0,5.0,0.0,0.0,0.0,1.0,0.0,0.0,0.0,0.0,0.0,1.0,0.0,0.0,1.0,0.0,0.0,0.0,0.0,1
C14847,2,1097.81,548.905,5,2.5,256.78,4.0,779.0,318.81,0.5,0.0,0.0,0.0,6.5,4.5,0.0,0.0,0.5,0.5,0.0,0.0,0.0,0.5,0.0,0.5,0.0,0.0,0.5,0.5,0.0,0.0,0.0,1
C14891,1,1654.96,1654.96,4,4.0,413.74,7.0,1654.96,1654.96,1.0,0.0,0.0,1.0,3.0,5.0,1.0,0.0,0.0,0.0,0.0,0.0,0.0,0.0,0.0,0.0,1.0,0.0,0.0,0.0,0.0,1.0,0.0,0
C14983,1,17.24,17.24,1,1.0,17.24,2.0,17.24,17.24,1.0,0.0,0.0,0.0,7.0,2.0,0.0,0.0,0.0,0.0,0.0,0.0,1.0,0.0,0.0,0.0,0.0,1.0,0.0,0.0,0.0,1.0,0.0,1
C15017,1,675.57,675.57,1,1.0,675.57,1.0,675.57,675.57,1.0,0.0,0.0,0.0,5.0,4.0,0.0,0.0,0.0,0.0,0.0,0.0,1.0,1.0,0.0,0.0,0.0,0.0,0.0,1.0,0.0,0.0,0.0,1
C15063,1,426.1,426.1,5,5.0,85.22,7.0,426.1,426.1,1.0,0.0,1.0,0.0,4.0,0.0,1.0,0.0,0.0,0.0,0.0,0.0,0.0,0.0,1.0,0.0,0.0,0.0,1.0,0.0,0.0,0.0,0.0,1
C15146,1,190.55,190.55,5,5.0,38.11,6.0,190.55,190.55,1.0,0.0,1.0,0.0,8.0,3.0,0.0,0.0,1.0,0.0,0.0,0.0,0.0,0.0,0.0,1.0,0.0,0.0,0.0,0.0,0.0,1.0,0.0,1
C15228,1,1422.42,1422.42,3,3.0,474.14,8.0,1422.42,1422.42,1.0,0.0,0.0,0.0,2.0,0.0,0.0,0.0,0.0,0.0,0.0,0.0,1.0,0.0,0.0,0.0,1.0,0.0,0.0,0.0,1.0,0.0,0.0,0
C15257,1,580.2,580.2,4,4.0,145.05,6.0,580.2,580.2,1.0,1.0,0.0,0.0,3.0,4.0,1.0,0.0,0.0,0.0,0.0,0.0,0.0,0.0,0.0,0.0,0.0,1.0,0.0,0.0,1.0,0.0,0.0,1
C15283,1,381.02,381.02,1,1.0,381.02,6.0,381.02,381.02,0.0,0.0,0.0,0.0,11.0,5.0,0.0,0.0,0.0,0.0,0.0,1.0,0.0,1.0,0.0,0.0,0.0,0.0,0.0,0.0,1.0,0.0,0.0,1
C15624,1,3097.6,3097.6,5,5.0,619.52,9.0,3097.6,3097.6,0.0,0.0,0.0,0.0,1.0,1.0,0.0,0.0,0.0,0.0,0.0,0.0,1.0,0.0,0.0,1.0,0.0,0.0,1.0,0.0,0.0,0.0,0.0,0
C15629,1,912.45,912.45,3,3.0,304.15,3.0,912.45,912.45,1.0,0.0,0.0,0.0,4.0,6.0,0.0,0.0,0.0,0.0,0.0,1.0,0.0,0.0,0.0,0.0,1.0,0.0,0.0,0.0,0.0,1.0,0.0,1
C15681,1,2161.64,2161.64,4,4.0,540.41,6.0,2161.64,2161.64,0.0,0.0,1.0,0.0,8.0,1.0,0.0,0.0,1.0,0.0,0.0,0.0,0.0,0.0,1.0,0.0,0.0,0.0,0.0,0.0,0.0,0.0,1.0,0
C15849,1,525.43,525.43,1,1.0,525.43,2.0,525.43,525.43,1.0,0.0,1.0,0.0,12.0,0.0,1.0,0.0,0.0,0.0,0.0,0.0,0.0,1.0,0.0,0.0,0.0,0.0,0.0,0.0,0.0,1.0,0.0,1
C15924,1,245.89,245.89,1,1.0,245.89,3.0,245.89,245.89,1.0,1.0,0.0,0.0,12.0,3.0,0.0,0.0,1.0,0.0,0.0,0.0,0.0,0.0,0.0,1.0,0.0,0.0,0.0,0.0,1.0,0.0,0.0,1
C16012,1,630.82,630.82,1,1.0,630.82,5.0,630.82,630.82,1.0,1.0,0.0,0.0,3.0,4.0,0.0,0.0,0.0,0.0,0.0,0.0,1.0,0.0,0.0,0.0,0.0,1.0,0.0,0.0,1.0,0.0,0.0,1
C16253,1,399.4,399.4,2,2.0,199.7,4.0,399.4,399.4,0.0,0.0,0.0,0.0,6.0,0.0,0.0,0.0,1.0,0.0,0.0,0.0,0.0,1.0,0.0,0.0,0.0,0.0,1.0,0.0,0.0,0.0,0.0,1
C16400,1,628.44,628.44,3,3.0,209.48,4.0,628.44,628.44,0.0,0.0,0.0,0.0,10.0,1.0,0.0,0.0,1.0,0.0,0.0,0.0,0.0,0.0,0.0,1.0,0.0,0.0,1.0,0.0,0.0,0.0,0.0,1
C16429,1,679.65,679.65,1,1.0,679.65,6.0,679.65,679.65,1.0,0.0,0.0,0.0,3.0,1.0,0.0,1.0,0.0,0.0,0.0,0.0,0.0,0.0,0.0,1.0,0.0,0.0,0.0,0.0,1.0,0.0,0.0,1
C16612,1,600.54,600.54,1,1.0,600.54,4.0,600.54,600.54,1.0,0.0,0.0,0.0,3.0,2.0,0.0,1.0,0.0,0.0,0.0,0.0,0.0,0.0,0.0,1.0,0.0,0.0,0.0,0.0,1.0,0.0,0.0,1
C16675,1,857.4,857.4,4,4.0,214.35,7.0,857.4,857.4,1.0,0.0,1.0,0.0,6.0,0.0,0.0,0.0,0.0,0.0,0.0,1.0,0.0,0.0,0.0,1.0,0.0,0.0,0.0,0.0,0.0,0.0,1.0,1
C16693,1,949.72,949.72,4,4.0,237.43,8.0,949.72,949.72,1.0,0.0,1.0,0.0,2.0,2.0,0.0,0.0,0.0,1.0,0.0,0.0,0.0,1.0,0.0,0.0,0.0,0.0,0.0,0.0,0.0,0.0,1.0,1
C16702,1,1390.17,1390.17,3,3.0,463.39,3.0,1390.17,1390.17,0.0,0.0,0.0,1.0,8.0,6.0,0.0,0.0,0.0,1.0,0.0,0.0,0.0,0.0,1.0,0.0,0.0,0.0,0.0,1.0,0.0,0.0,0.0,1
C16758,1,188.31,188.31,3,3.0,62.77,6.0,188.31,188.31,1.0,0.0,0.0,0.0,11.0,4.0,0.0,0.0,0.0,0.0,0.0,0.0,1.0,0.0,0.0,0.0,1.0,0.0,0.0,0.0,0.0,0.0,1.0,1
C16775,1,3353.75,3353.75,5,5.0,670.75,8.0,3353.75,3353.75,1.0,0.0,0.0,0.0,3.0,0.0,0.0,0.0,0.0,0.0,0.0,1.0,0.0,0.0,0.0,0.0,1.0,0.0,0.0,0.0,0.0,1.0,0.0,0
C16776,1,320.0,320.0,2,2.0,160.0,4.0,320.0,320.0,1.0,0.0,0.0,0.0,9.0,0.0,0.0,0.0,1.0,0.0,0.0,0.0,0.0,1.0,0.0,0.0,0.0,0.0,0.0,0.0,0.0,1.0,0.0,1
C16790,1,258.96,258.96,4,4.0,64.74,8.0,258.96,258.96,1.0,0.0,1.0,0.0,4.0,5.0,0.0,0.0,1.0,0.0,0.0,0.0,0.0,0.0,0.0,0.0,1.0,0.0,0.0,0.0,1.0,0.0,0.0,1
C17075,1,1259.04,1259.04,4,4.0,314.76,8.0,1259.04,1259.04,0.0,0.0,0.0,0.0,7.0,3.0,0.0,0.0,0.0,0.0,0.0,0.0,1.0,0.0,0.0,0.0,0.0,1.0,0.0,0.0,0.0,1.0,0.0,0
C17103,1,1278.36,1278.36,3,3.0,426.12,5.0,1278.36,1278.36,1.0,1.0,0.0,0.0,1.0,4.0,0.0,0.0,0.0,0.0,0.0,1.0,0.0,0.0,0.0,0.0,0.0,1.0,0.0,0.0,0.0,1.0,0.0,1
C17132,1,386.03,386.03,1,1.0,386.03,4.0,386.03,386.03,1.0,0.0,0.0,0.0,12.0,5.0,0.0,1.0,0.0,0.0,0.0,0.0,0.0,0.0,0.0,0.0,0.0,1.0,0.0,0.0,1.0,0.0,0.0,1
C17136,1,641.96,641.96,4,4.0,160.49,8.0,641.96,641.96,1.0,0.0,0.0,0.0,7.0,2.0,1.0,0.0,0.0,0.0,0.0,0.0,0.0,0.0,1.0,0.0,0.0,0.0,0.0,0.0,0.0,0.0,1.0,1
C17181,1,2276.65,2276.65,5,5.0,455.33,8.0,2276.65,2276.65,1.0,0.0,1.0,0.0,2.0,1.0,0.0,0.0,0.0,0.0,0.0,1.0,0.0,0.0,1.0,0.0,0.0,0.0,0.0,0.0,1.0,0.0,0.0,0
C17269,1,1733.8,1733.8,4,4.0,433.45,4.0,1733.8,1733.8,0.0,0.0,1.0,0.0,5.0,2.0,0.0,0.0,0.0,1.0,0.0,0.0,0.0,0.0,0.0,0.0,1.0,0.0,0.0,1.0,0.0,0.0,0.0,0
C17302,1,359.99,359.99,1,1.0,359.99,5.0,359.99,359.99,1.0,0.0,1.0,0.0,7.0,1.0,0.0,0.0,0.0,0.0,1.0,0.0,0.0,0.0,0.0,0.0,1.0,0.0,1.0,0.0,0.0,0.0,0.0,1
C17388,1,317.25,317.25,1,1.0,317.25,1.0,317.25,317.25,1.0,0.0,0.0,1.0,2.0,5.0,1.0,0.0,0.0,0.0,0.0,0.0,0.0,0.0,0.0,1.0,0.0,0.0,0.0,1.0,0.0,0.0,0.0,1
C17389,1,522.08,522.08,1,1.0,522.08,5.0,522.08,522.08,1.0,0.0,0.0,1.0,11.0,6.0,0.0,0.0,0.0,1.0,0.0,0.0,0.0,0.0,0.0,0.0,1.0,0.0,0.0,0.0,0.0,0.0,1.0,1
C17470,1,461.9,461.9,2,2.0,230.95,3.0,461.9,461.9,1.0,1.0,0.0,0.0,10.0,2.0,0.0,0.0,1.0,0.0,0.0,0.0,0.0,0.0,0.0,0.0,0.0,1.0,0.0,0.0,0.0,0.0,1.0,1
C17551,1,518.39,518.39,1,1.0,518.39,4.0,518.39,518.39,1.0,0.0,0.0,0.0,4.0,6.0,0.0,0.0,1.0,0.0,0.0,0.0,0.0,0.0,0.0,1.0,0.0,0.0,0.0,0.0,0.0,1.0,0.0,1
C17591,1,479.76,479.76,1,1.0,479.76,1.0,479.76,479.76,0.0,0.0,0.0,0.0,9.0,4.0,0.0,0.0,0.0,0.0,0.0,0.0,1.0,0.0,1.0,0.0,0.0,0.0,1.0,0.0,0.0,0.0,0.0,1
C17921,1,1210.6,1210.6,4,4.0,302.65,8.0,1210.6,1210.6,1.0,0.0,1.0,0.0,2.0,0.0,0.0,1.0,0.0,0.0,0.0,0.0,0.0,0.0,1.0,0.0,0.0,0.0,0.0,0.0,0.0,0.0,1.0,0
C17966,1,185.74,185.74,2,2.0,92.87,5.0,185.74,185.74,1.0,0.0,0.0,0.0,10.0,1.0,0.0,0.0,0.0,0.0,0.0,1.0,0.0,0.0,1.0,0.0,0.0,0.0,0.0,1.0,0.0,0.0,0.0,1
C18037,1,140.68,140.68,2,2.0,70.34,3.0,140.68,140.68,1.0,0.0,1.0,0.0,3.0,2.0,0.0,0.0,1.0,0.0,0.0,0.0,0.0,0.0,0.0,0.0,1.0,0.0,1.0,0.0,0.0,0.0,0.0,1
C18076,1,1766.22,1766.22,3,3.0,588.74,8.0,1766.22,1766.22,1.0,0.0,0.0,0.0,12.0,4.0,0.0,0.0,0.0,0.0,1.0,0.0,0.0,0.0,0.0,1.0,0.0,0.0,1.0,0.0,0.0,0.0,0.0,0
C18104,1,635.9,635.9,5,5.0,127.18,9.0,635.9,635.9,1.0,0.0,1.0,0.0,11.0,4.0,1.0,0.0,0.0,0.0,0.0,0.0,0.0,1.0,0.0,0.0,0.0,0.0,0.0,0.0,0.0,0.0,1.0,1
C18105,1,2332.08,2332.08,4,4.0,583.02,4.0,2332.08,2332.08,1.0,1.0,0.0,0.0,10.0,4.0,0.0,0.0,1.0,0.0,0.0,0.0,0.0,0.0,0.0,0.0,0.0,1.0,0.0,1.0,0.0,0.0,0.0,0
C18138,1,1618.38,1618.38,3,3.0,539.46,4.0,1618.38,1618.38,1.0,0.0,0.0,0.0,4.0,3.0,0.0,0.0,0.0,0.0,0.0,1.0,0.0,0.0,1.0,0.0,0.0,0.0,0.0,1.0,0.0,0.0,0.0,0
C18167,1,887.84,887.84,4,4.0,221.96,7.0,887.84,887.84,0.0,1.0,0.0,0.0,3.0,6.0,0.0,1.0,0.0,0.0,0.0,0.0,0.0,1.0,0.0,0.0,0.0,0.0,0.0,0.0,1.0,0.0,0.0,1
C18169,1,929.84,929.84,2,2.0,464.92,2.0,929.84,929.84,0.0,0.0,0.0,1.0,5.0,5.0,0.0,0.0,0.0,0.0,0.0,0.0,1.0,0.0,0.0,1.0,0.0,0.0,0.0,1.0,0.0,0.0,0.0,1
C18187,1,605.28,605.28,1,1.0,605.28,3.0,605.28,605.28,1.0,0.0,0.0,0.0,11.0,0.0,0.0,0.0,1.0,0.0,0.0,0.0,0.0,0.0,0.0,0.0,1.0,0.0,0.0,0.0,0.0,0.0,1.0,1
C18353,1,1299.99,1299.99,3,3.0,433.33,4.0,1299.99,1299.99,1.0,0.0,1.0,0.0,6.0,1.0,0.0,0.0,0.0,0.0,0.0,0.0,1.0,0.0,1.0,0.0,0.0,0.0,0.0,0.0,0.0,0.0,1.0,1
C18404,1,3370.2,3370.2,5,5.0,674.04,7.0,3370.2,3370.2,1.0,0.0,1.0,0.0,2.0,1.0,0.0,0.0,0.0,0.0,0.0,0.0,1.0,0.0,0.0,0.0,0.0,1.0,0.0,0.0,1.0,0.0,0.0,0
C18473,1,840.58,840.58,2,2.0,420.29,3.0,840.58,840.58,1.0,0.0,0.0,1.0,6.0,5.0,1.0,0.0,0.0,0.0,0.0,0.0,0.0,0.0,0.0,0.0,1.0,0.0,0.0,0.0,1.0,0.0,0.0,1
C18567,1,365.84,365.84,4,4.0,91.46,9.0,365.84,365.84,1.0,0.0,1.0,0.0,9.0,5.0,0.0,0.0,0.0,0.0,0.0,1.0,0.0,1.0,0.0,0.0,0.0,0.0,0.0,0.0,0.0,0.0,1.0,1
C18583,1,1822.1,1822.1,5,5.0,364.42,10.0,1822.1,1822.1,1.0,0.0,1.0,0.0,8.0,6.0,0.0,0.0,0.0,0.0,1.0,0.0,0.0,0.0,1.0,0.0,0.0,0.0,0.0,0.0,0.0,0.0,1.0,0
C18717,1,2793.15,2793.15,5,5.0,558.63,8.0,2793.15,2793.15,1.0,0.0,0.0,0.0,3.0,6.0,0.0,0.0,0.0,0.0,0.0,1.0,0.0,1.0,0.0,0.0,0.0,0.0,0.0,0.0,0.0,0.0,1.0,0
C18724,1,616.1,616.1,1,1.0,616.1,6.0,616.1,616.1,0.0,0.0,0.0,1.0,6.0,6.0,1.0,0.0,0.0,0.0,0.0,0.0,0.0,1.0,0.0,0.0,0.0,0.0,1.0,0.0,0.0,0.0,0.0,1
C18820,1,2573.0,2573.0,5,5.0,514.6,10.0,2573.0,2573.0,1.0,1.0,0.0,0.0,6.0,0.0,0.0,0.0,0.0,1.0,0.0,0.0,0.0,0.0,0.0,0.0,1.0,0.0,0.0,0.0,0.0,1.0,0.0,0
C18826,1,1443.3,1443.3,3,3.0,481.1,3.0,1443.3,1443.3,1.0,0.0,0.0,1.0,8.0,1.0,0.0,0.0,0.0,1.0,0.0,0.0,0.0,0.0,1.0,0.0,0.0,0.0,0.0,1.0,0.0,0.0,0.0,0
C18944,1,1575.2,1575.2,4,4.0,393.8,7.0,1575.2,1575.2,1.0,0.0,0.0,0.0,1.0,4.0,1.0,0.0,0.0,0.0,0.0,0.0,0.0,0.0,1.0,0.0,0.0,0.0,1.0,0.0,0.0,0.0,0.0,0
C18984,1,1767.9,1767.9,3,3.0,589.3,6.0,1767.9,1767.9,1.0,0.0,0.0,1.0,4.0,3.0,0.0,0.0,0.0,0.0,0.0,0.0,1.0,0.0,1.0,0.0,0.0,0.0,0.0,0.0,0.0,0.0,1.0,0
C19071,1,1352.94,1352.94,3,3.0,450.98,8.0,1352.94,1352.94,1.0,0.0,0.0,0.0,2.0,0.0,0.0,0.0,0.0,0.0,0.0,0.0,1.0,0.0,1.0,0.0,0.0,0.0,0.0,0.0,0.0,0.0,1.0,0
C19266,1,442.17,442.17,3,3.0,147.39,3.0,442.17,442.17,0.0,0.0,0.0,1.0,3.0,5.0,0.0,1.0,0.0,0.0,0.0,0.0,0.0,0.0,0.0,1.0,0.0,0.0,1.0,0.0,0.0,0.0,0.0,1
C19368,1,646.44,646.44,2,2.0,323.22,7.0,646.44,646.44,0.0,1.0,0.0,0.0,4.0,4.0,0.0,0.0,0.0,0.0,0.0,0.0,1.0,0.0,1.0,0.0,0.0,0.0,0.0,0.0,0.0,1.0,0.0,1
C19384,1,351.16,351.16,4,4.0,87.79,6.0,351.16,351.16,1.0,0.0,1.0,0.0,12.0,6.0,0.0,0.0,0.0,0.0,0.0,0.0,1.0,1.0,0.0,0.0,0.0,0.0,0.0,0.0,0.0,1.0,0.0,1
C19402,1,1204.68,1204.68,4,4.0,301.17,6.0,1204.68,1204.68,0.0,0.0,1.0,0.0,12.0,1.0,0.0,0.0,0.0,0.0,0.0,1.0,0.0,0.0,0.0,0.0,0.0,1.0,1.0,0.0,0.0,0.0,0.0,0
C19439,1,440.34,440.34,1,1.0,440.34,2.0,440.34,440.34,1.0,0.0,0.0,0.0,6.0,3.0,0.0,1.0,0.0,0.0,0.0,0.0,0.0,0.0,0.0,0.0,1.0,0.0,0.0,1.0,0.0,0.0,0.0,1
C19451,1,2357.76,2357.76,4,4.0,589.44,5.0,2357.76,2357.76,0.0,0.0,0.0,1.0,12.0,6.0,0.0,0.0,0.0,0.0,0.0,0.0,1.0,0.0,0.0,0.0,1.0,0.0,0.0,1.0,0.0,0.0,0.0,0
C19648,1,2673.44,2673.44,4,4.0,668.36,5.0,2673.44,2673.44,1.0,0.0,1.0,0.0,9.0,4.0,0.0,0.0,0.0,0.0,1.0,0.0,0.0,0.0,0.0,0.0,1.0,0.0,0.0,1.0,0.0,0.0,0.0,0
C19722,1,596.24,596.24,1,1.0,596.24,4.0,596.24,596.24,1.0,0.0,0.0,1.0,5.0,4.0,0.0,0.0,1.0,0.0,0.0,0.0,0.0,0.0,1.0,0.0,0.0,0.0,0.0,0.0,0.0,1.0,0.0,1
C19742,1,332.09,332.09,1,1.0,332.09,5.0,332.09,332.09,1.0,0.0,0.0,1.0,9.0,2.0,0.0,0.0,0.0,0.0,0.0,0.0,1.0,0.0,0.0,0.0,1.0,0.0,0.0,0.0,0.0,1.0,0.0,1
C19759,1,1176.6,1176.6,2,2.0,588.3,2.0,1176.6,1176.6,1.0,0.0,0.0,0.0,1.0,3.0,1.0,0.0,0.0,0.0,0.0,0.0,0.0,0.0,0.0,0.0,0.0,1.0,1.0,0.0,0.0,0.0,0.0,1
C19937,1,438.34,438.34,1,1.0,438.34,5.0,438.34,438.34,1.0,0.0,0.0,1.0,5.0,0.0,0.0,0.0,0.0,0.0,0.0,1.0,0.0,0.0,0.0,0.0,1.0,0.0,0.0,1.0,0.0,0.0,0.0,1
C20077,1,2372.88,2372.88,4,4.0,593.22,8.0,2372.88,2372.88,1.0,0.0,1.0,0.0,3.0,2.0,0.0,0.0,0.0,1.0,0.0,0.0,0.0,0.0,1.0,0.0,0.0,0.0,0.0,1.0,0.0,0.0,0.0,0
C20095,1,1325.06,1325.06,2,2.0,662.53,5.0,1325.06,1325.06,0.0,0.0,1.0,0.0,3.0,0.0,0.0,0.0,0.0,1.0,0.0,0.0,0.0,0.0,0.0,0.0,0.0,1.0,0.0,1.0,0.0,0.0,0.0,1
C20124,1,177.46,177.46,2,2.0,88.73,5.0,177.46,177.46,0.0,0.0,0.0,0.0,12.0,0.0,0.0,0.0,0.0,0.0,0.0,1.0,0.0,0.0,0.0,0.0,0.0,1.0,0.0,0.0,1.0,0.0,0.0,1
C20212,1,1834.35,1834.35,3,3.0,611.45,4.0,1834.35,1834.35,1.0,0.0,0.0,0.0,12.0,1.0,0.0,0.0,0.0,1.0,0.0,0.0,0.0,0.0,0.0,0.0,1.0,0.0,0.0,0.0,0.0,1.0,0.0,0
C20256,1,1616.22,1616.22,3,3.0,538.74,6.0,1616.22,1616.22,1.0,0.0,0.0,0.0,12.0,2.0,0.0,0.0,0.0,0.0,0.0,0.0,1.0,0.0,0.0,0.0,0.0,1.0,1.0,0.0,0.0,0.0,0.0,0
C20257,1,1343.9,1343.9,5,5.0,268.78,7.0,1343.9,1343.9,1.0,1.0,0.0,0.0,12.0,4.0,0.0,0.0,0.0,0.0,0.0,0.0,1.0,0.0,0.0,1.0,0.0,0.0,1.0,0.0,0.0,0.0,0.0,0
C20286,1,571.9,571.9,1,1.0,571.9,1.0,571.9,571.9,1.0,0.0,0.0,0.0,9.0,0.0,0.0,0.0,0.0,1.0,0.0,0.0,0.0,0.0,0.0,0.0,1.0,0.0,0.0,0.0,0.0,1.0,0.0,1
C20338,1,370.85,370.85,1,1.0,370.85,2.0,370.85,370.85,1.0,1.0,0.0,0.0,12.0,1.0,0.0,0.0,0.0,1.0,0.0,0.0,0.0,0.0,0.0,0.0,1.0,0.0,0.0,0.0,0.0,0.0,1.0,1
C20357,1,2077.32,2077.32,3,3.0,692.44,8.0,2077.32,2077.32,1.0,0.0,1.0,0.0,6.0,2.0,0.0,0.0,0.0,0.0,1.0,0.0,0.0,0.0,0.0,1.0,0.0,0.0,0.0,0.0,1.0,0.0,0.0,0
C20448,1,296.44,296.44,2,2.0,148.22,7.0,296.44,296.44,1.0,1.0,0.0,0.0,8.0,1.0,0.0,0.0,0.0,0.0,0.0,0.0,1.0,0.0,1.0,0.0,0.0,0.0,0.0,0.0,0.0,1.0,0.0,1
C20512,1,2763.12,2763.12,4,4.0,690.78,9.0,2763.12,2763.12,0.0,0.0,0.0,0.0,7.0,2.0,0.0,0.0,1.0,0.0,0.0,0.0,0.0,0.0,1.0,0.0,0.0,0.0,0.0,0.0,0.0,0.0,1.0,0
C20624,1,479.56,479.56,1,1.0,479.56,1.0,479.56,479.56,1.0,0.0,0.0,1.0,3.0,5.0,0.0,0.0,0.0,0.0,1.0,0.0,0.0,0.0,0.0,0.0,1.0,0.0,0.0,0.0,1.0,0.0,0.0,1
C20643,1,2011.96,2011.96,4,4.0,502.99,4.0,2011.96,2011.96,1.0,0.0,0.0,0.0,2.0,4.0,0.0,0.0,1.0,0.0,0.0,0.0,0.0,0.0,0.0,1.0,0.0,0.0,0.0,0.0,0.0,0.0,1.0,0
C20670,1,935.82,935.82,2,2.0,467.91,5.0,935.82,935.82,1.0,0.0,0.0,1.0,4.0,1.0,0.0,0.0,0.0,0.0,0.0,1.0,0.0,0.0,0.0,0.0,1.0,0.0,0.0,1.0,0.0,0.0,0.0,1
C20731,1,1777.76,1777.76,4,4.0,444.44,8.0,1777.76,1777.76,1.0,0.0,1.0,0.0,5.0,4.0,0.0,0.0,0.0,0.0,0.0,1.0,0.0,0.0,0.0,1.0,0.0,0.0,0.0,0.0,1.0,0.0,0.0,0
C20752,1,572.13,572.13,1,1.0,572.13,4.0,572.13,572.13,1.0,0.0,1.0,0.0,12.0,4.0,0.0,0.0,0.0,0.0,0.0,1.0,0.0,0.0,0.0,1.0,0.0,0.0,0.0,0.0,1.0,0.0,0.0,1
C20817,1,3078.35,3078.35,5,5.0,615.67,6.0,3078.35,3078.35,1.0,0.0,0.0,0.0,5.0,1.0,1.0,0.0,0.0,0.0,0.0,0.0,0.0,0.0,0.0,0.0,0.0,1.0,1.0,0.0,0.0,0.0,0.0,0
C20861,1,2441.75,2441.75,5,5.0,488.35,9.0,2441.75,2441.75,1.0,0.0,0.0,1.0,5.0,0.0,0.0,0.0,0.0,0.0,1.0,0.0,0.0,0.0,0.0,1.0,0.0,0.0,1.0,0.0,0.0,0.0,0.0,0
C20881,1,1288.1,1288.1,2,2.0,644.05,5.0,1288.1,1288.1,1.0,0.0,1.0,0.0,7.0,1.0,0.0,0.0,1.0,0.0,0.0,0.0,0.0,0.0,0.0,0.0,1.0,0.0,0.0,0.0,0.0,0.0,1.0,1
C20977,1,1740.48,1740.48,4,4.0,435.12,9.0,1740.48,1740.48,1.0,1.0,0.0,0.0,6.0,6.0,1.0,0.0,0.0,0.0,0.0,0.0,0.0,0.0,1.0,0.0,0.0,0.0,0.0,0.0,0.0,1.0,0.0,0
C21043,1,694.5,694.5,1,1.0,694.5,3.0,694.5,694.5,1.0,0.0,0.0,0.0,7.0,3.0,0.0,0.0,0.0,0.0,1.0,0.0,0.0,0.0,1.0,0.0,0.0,0.0,0.0,1.0,0.0,0.0,0.0,1
C21126,1,107.04,107.04,1,1.0,107.04,6.0,107.04,107.04,1.0,0.0,1.0,0.0,6.0,3.0,0.0,1.0,0.0,0.0,0.0,0.0,0.0,0.0,1.0,0.0,0.0,0.0,0.0,0.0,1.0,0.0,0.0,1
C21147,1,335.1,335.1,1,1.0,335.1,6.0,335.1,335.1,1.0,0.0,0.0,0.0,6.0,4.0,1.0,0.0,0.0,0.0,0.0,0.0,0.0,0.0,0.0,1.0,0.0,0.0,0.0,0.0,0.0,0.0,1.0,1
C21167,1,2235.6,2235.6,4,4.0,558.9,9.0,2235.6,2235.6,1.0,0.0,0.0,0.0,2.0,5.0,0.0,0.0,0.0,1.0,0.0,0.0,0.0,0.0,0.0,0.0,1.0,0.0,0.0,0.0,1.0,0.0,0.0,0
C21181,1,1350.2,1350.2,2,2.0,675.1,4.0,1350.2,1350.2,1.0,0.0,0.0,0.0,4.0,6.0,0.0,0.0,0.0,0.0,0.0,0.0,1.0,1.0,0.0,0.0,0.0,0.0,0.0,0.0,1.0,0.0,0.0,1
C21191,2,647.77,323.885,3,1.5,243.39499999999998,2.0,325.81,321.96,1.0,0.5,0.0,0.0,4.5,3.5,0.0,0.0,0.5,0.0,0.5,0.0,0.0,0.0,0.5,0.5,0.0,0.0,0.0,0.0,0.0,0.0,1.0,1
C21227,1,590.87,590.87,1,1.0,590.87,6.0,590.87,590.87,1.0,0.0,0.0,1.0,2.0,2.0,1.0,0.0,0.0,0.0,0.0,0.0,0.0,0.0,0.0,0.0,1.0,0.0,0.0,0.0,0.0,0.0,1.0,1
C21437,1,222.73,222.73,1,1.0,222.73,4.0,222.73,222.73,0.0,0.0,0.0,1.0,5.0,4.0,0.0,0.0,0.0,0.0,1.0,0.0,0.0,0.0,0.0,0.0,0.0,1.0,0.0,0.0,1.0,0.0,0.0,1
C21665,1,1700.72,1700.72,4,4.0,425.18,8.0,1700.72,1700.72,1.0,0.0,0.0,1.0,9.0,5.0,1.0,0.0,0.0,0.0,0.0,0.0,0.0,0.0,0.0,0.0,0.0,1.0,0.0,1.0,0.0,0.0,0.0,0
C21905,1,298.06,298.06,1,1.0,298.06,3.0,298.06,298.06,1.0,0.0,0.0,0.0,12.0,3.0,0.0,0.0,0.0,0.0,0.0,0.0,1.0,0.0,0.0,1.0,0.0,0.0,0.0,0.0,1.0,0.0,0.0,1
C21944,1,297.75,297.75,5,5.0,59.55,6.0,297.75,297.75,0.0,1.0,0.0,0.0,3.0,2.0,0.0,0.0,1.0,0.0,0.0,0.0,0.0,0.0,0.0,0.0,0.0,1.0,0.0,0.0,0.0,0.0,1.0,1
C21953,1,250.46,250.46,2,2.0,125.23,3.0,250.46,250.46,1.0,0.0,1.0,0.0,9.0,3.0,0.0,0.0,1.0,0.0,0.0,0.0,0.0,1.0,0.0,0.0,0.0,0.0,1.0,0.0,0.0,0.0,0.0,1
C22101,1,265.2,265.2,2,2.0,132.6,4.0,265.2,265.2,1.0,0.0,1.0,0.0,3.0,1.0,1.0,0.0,0.0,0.0,0.0,0.0,0.0,0.0,0.0,1.0,0.0,0.0,1.0,0.0,0.0,0.0,0.0,1
C22123,1,672.89,672.89,1,1.0,672.89,1.0,672.89,672.89,1.0,0.0,0.0,0.0,9.0,6.0,0.0,0.0,0.0,0.0,0.0,0.0,1.0,0.0,1.0,0.0,0.0,0.0,1.0,0.0,0.0,0.0,0.0,1
C22167,1,2178.3,2178.3,5,5.0,435.66,9.0,2178.3,2178.3,0.0,0.0,0.0,0.0,8.0,6.0,0.0,0.0,0.0,0.0,0.0,0.0,1.0,0.0,0.0,0.0,0.0,1.0,0.0,1.0,0.0,0.0,0.0,0
C22429,1,604.8,604.8,4,4.0,151.2,9.0,604.8,604.8,1.0,0.0,0.0,0.0,7.0,6.0,1.0,0.0,0.0,0.0,0.0,0.0,0.0,0.0,0.0,0.0,1.0,0.0,0.0,1.0,0.0,0.0,0.0,1
C22534,1,529.19,529.19,1,1.0,529.19,5.0,529.19,529.19,0.0,0.0,1.0,0.0,1.0,4.0,1.0,0.0,0.0,0.0,0.0,0.0,0.0,1.0,0.0,0.0,0.0,0.0,0.0,0.0,0.0,0.0,1.0,1
C22657,1,1901.91,1901.91,3,3.0,633.97,7.0,1901.91,1901.91,1.0,0.0,0.0,0.0,12.0,3.0,0.0,0.0,0.0,0.0,0.0,1.0,0.0,1.0,0.0,0.0,0.0,0.0,0.0,1.0,0.0,0.0,0.0,0
C22783,1,2771.64,2771.64,4,4.0,692.91,9.0,2771.64,2771.64,1.0,0.0,0.0,0.0,9.0,2.0,0.0,0.0,0.0,0.0,1.0,0.0,0.0,0.0,1.0,0.0,0.0,0.0,0.0,0.0,0.0,1.0,0.0,0
C22919,1,195.86,195.86,1,1.0,195.86,3.0,195.86,195.86,0.0,0.0,0.0,0.0,5.0,5.0,0.0,0.0,0.0,0.0,0.0,0.0,1.0,0.0,0.0,0.0,0.0,1.0,0.0,1.0,0.0,0.0,0.0,1
C22981,1,472.2,472.2,3,3.0,157.4,7.0,472.2,472.2,1.0,0.0,1.0,0.0,4.0,0.0,0.0,1.0,0.0,0.0,0.0,0.0,0.0,0.0,0.0,1.0,0.0,0.0,1.0,0.0,0.0,0.0,0.0,1
C22991,1,252.68,252.68,1,1.0,252.68,1.0,252.68,252.68,0.0,0.0,1.0,0.0,3.0,0.0,0.0,0.0,0.0,0.0,1.0,0.0,0.0,0.0,0.0,0.0,0.0,1.0,0.0,0.0,0.0,0.0,1.0,1
C23279,1,87.34,87.34,2,2.0,43.67,4.0,87.34,87.34,1.0,0.0,0.0,1.0,7.0,1.0,0.0,0.0,0.0,1.0,0.0,0.0,0.0,1.0,0.0,0.0,0.0,0.0,0.0,0.0,0.0,1.0,0.0,1
C23334,1,331.06,331.06,1,1.0,331.06,5.0,331.06,331.06,1.0,0.0,0.0,0.0,5.0,3.0,0.0,0.0,0.0,0.0,0.0,0.0,1.0,0.0,1.0,0.0,0.0,0.0,0.0,0.0,0.0,1.0,0.0,1
C23405,1,2780.4,2780.4,4,4.0,695.1,8.0,2780.4,2780.4,0.0,0.0,0.0,1.0,8.0,4.0,0.0,0.0,0.0,0.0,1.0,0.0,0.0,0.0,0.0,1.0,0.0,0.0,1.0,0.0,0.0,0.0,0.0,0
C23555,1,1633.44,1633.44,4,4.0,408.36,4.0,1633.44,1633.44,1.0,0.0,1.0,0.0,10.0,0.0,0.0,1.0,0.0,0.0,0.0,0.0,0.0,0.0,0.0,0.0,1.0,0.0,0.0,0.0,0.0,0.0,1.0,0
C23637,1,553.56,553.56,1,1.0,553.56,5.0,553.56,553.56,0.0,0.0,1.0,0.0,5.0,2.0,0.0,0.0,0.0,0.0,0.0,0.0,1.0,0.0,1.0,0.0,0.0,0.0,0.0,0.0,0.0,0.0,1.0,1
C23899,1,1358.45,1358.45,5,5.0,271.69,7.0,1358.45,1358.45,1.0,0.0,0.0,1.0,3.0,2.0,0.0,1.0,0.0,0.0,0.0,0.0,0.0,0.0,0.0,0.0,0.0,1.0,0.0,0.0,0.0,1.0,0.0,0
C23917,1,127.55,127.55,1,1.0,127.55,3.0,127.55,127.55,1.0,0.0,0.0,0.0,4.0,3.0,0.0,0.0,0.0,0.0,0.0,1.0,0.0,1.0,0.0,0.0,0.0,0.0,0.0,0.0,0.0,0.0,1.0,1
C23947,1,120.98,120.98,1,1.0,120.98,6.0,120.98,120.98,1.0,1.0,0.0,0.0,5.0,3.0,0.0,0.0,1.0,0.0,0.0,0.0,0.0,0.0,0.0,1.0,0.0,0.0,1.0,0.0,0.0,0.0,0.0,1
C23978,1,576.35,576.35,1,1.0,576.35,1.0,576.35,576.35,1.0,0.0,0.0,1.0,9.0,0.0,0.0,0.0,0.0,1.0,0.0,0.0,0.0,0.0,0.0,0.0,1.0,0.0,0.0,0.0,0.0,1.0,0.0,1
C24047,1,937.8,937.8,4,4.0,234.45,9.0,937.8,937.8,1.0,0.0,1.0,0.0,5.0,5.0,0.0,0.0,0.0,1.0,0.0,0.0,0.0,0.0,0.0,0.0,0.0,1.0,0.0,0.0,0.0,1.0,0.0,1
C24212,1,322.08,322.08,3,3.0,107.36,5.0,322.08,322.08,1.0,1.0,0.0,0.0,10.0,6.0,0.0,0.0,0.0,0.0,1.0,0.0,0.0,0.0,0.0,0.0,1.0,0.0,0.0,0.0,1.0,0.0,0.0,1
C24301,1,1284.08,1284.08,2,2.0,642.04,4.0,1284.08,1284.08,1.0,1.0,0.0,0.0,10.0,5.0,0.0,0.0,0.0,0.0,1.0,0.0,0.0,0.0,0.0,0.0,1.0,0.0,1.0,0.0,0.0,0.0,0.0,1
C24347,1,646.9,646.9,2,2.0,323.45,5.0,646.9,646.9,1.0,0.0,0.0,1.0,2.0,6.0,0.0,0.0,1.0,0.0,0.0,0.0,0.0,0.0,1.0,0.0,0.0,0.0,0.0,0.0,0.0,1.0,0.0,1
C24369,1,1079.19,1079.19,3,3.0,359.73,7.0,1079.19,1079.19,1.0,0.0,0.0,1.0,3.0,2.0,0.0,0.0,1.0,0.0,0.0,0.0,0.0,0.0,0.0,1.0,0.0,0.0,1.0,0.0,0.0,0.0,0.0,1
C24751,1,2506.3,2506.3,5,5.0,501.26,10.0,2506.3,2506.3,1.0,0.0,0.0,0.0,12.0,3.0,0.0,0.0,0.0,0.0,0.0,0.0,1.0,0.0,0.0,0.0,1.0,0.0,0.0,0.0,0.0,0.0,1.0,0
C24765,1,719.72,719.72,2,2.0,359.86,4.0,719.72,719.72,0.0,0.0,1.0,0.0,7.0,3.0,0.0,1.0,0.0,0.0,0.0,0.0,0.0,0.0,0.0,1.0,0.0,0.0,0.0,0.0,0.0,0.0,1.0,1
C24769,1,57.1,57.1,2,2.0,28.55,7.0,57.1,57.1,1.0,0.0,0.0,0.0,11.0,6.0,0.0,0.0,1.0,0.0,0.0,0.0,0.0,0.0,0.0,0.0,1.0,0.0,1.0,0.0,0.0,0.0,0.0,1
C24884,1,260.26,260.26,1,1.0,260.26,5.0,260.26,260.26,1.0,0.0,0.0,0.0,7.0,0.0,0.0,0.0,0.0,1.0,0.0,0.0,0.0,0.0,0.0,0.0,0.0,1.0,0.0,0.0,0.0,1.0,0.0,1
C24901,1,299.7,299.7,3,3.0,99.9,8.0,299.7,299.7,1.0,1.0,0.0,0.0,5.0,4.0,1.0,0.0,0.0,0.0,0.0,0.0,0.0,1.0,0.0,0.0,0.0,0.0,0.0,1.0,0.0,0.0,0.0,1
C25110,1,126.42,126.42,2,2.0,63.21,4.0,126.42,126.42,1.0,0.0,1.0,0.0,6.0,0.0,0.0,0.0,0.0,0.0,0.0,0.0,1.0,0.0,0.0,0.0,0.0,1.0,0.0,0.0,1.0,0.0,0.0,1
C25123,1,629.21,629.21,1,1.0,629.21,2.0,629.21,629.21,1.0,0.0,0.0,0.0,5.0,4.0,0.0,1.0,0.0,0.0,0.0,0.0,0.0,0.0,0.0,0.0,1.0,0.0,0.0,0.0,0.0,1.0,0.0,1
C25149,1,1054.48,1054.48,4,4.0,263.62,5.0,1054.48,1054.48,1.0,0.0,0.0,0.0,9.0,4.0,0.0,0.0,0.0,0.0,0.0,0.0,1.0,1.0,0.0,0.0,0.0,0.0,1.0,0.0,0.0,0.0,0.0,1
C25162,1,688.36,688.36,2,2.0,344.18,7.0,688.36,688.36,0.0,0.0,0.0,0.0,11.0,3.0,0.0,0.0,0.0,0.0,0.0,0.0,1.0,0.0,1.0,0.0,0.0,0.0,0.0,0.0,0.0,0.0,1.0,1
C25268,1,665.11,665.11,1,1.0,665.11,3.0,665.11,665.11,1.0,0.0,0.0,0.0,3.0,1.0,0.0,0.0,0.0,0.0,0.0,1.0,0.0,1.0,0.0,0.0,0.0,0.0,0.0,0.0,0.0,1.0,0.0,1
C25276,1,3313.9,3313.9,5,5.0,662.78,9.0,3313.9,3313.9,1.0,0.0,0.0,0.0,5.0,4.0,0.0,0.0,1.0,0.0,0.0,0.0,0.0,0.0,0.0,1.0,0.0,0.0,0.0,0.0,0.0,1.0,0.0,0
C25316,1,79.06,79.06,2,2.0,39.53,3.0,79.06,79.06,1.0,0.0,0.0,0.0,6.0,3.0,0.0,0.0,0.0,0.0,0.0,1.0,0.0,0.0,1.0,0.0,0.0,0.0,0.0,0.0,1.0,0.0,0.0,1
C25382,1,454.35,454.35,5,5.0,90.87,5.0,454.35,454.35,0.0,0.0,0.0,0.0,6.0,5.0,0.0,0.0,0.0,0.0,1.0,0.0,0.0,1.0,0.0,0.0,0.0,0.0,0.0,0.0,0.0,1.0,0.0,1
C25406,1,161.24,161.24,1,1.0,161.24,3.0,161.24,161.24,1.0,0.0,0.0,0.0,12.0,2.0,0.0,1.0,0.0,0.0,0.0,0.0,0.0,0.0,1.0,0.0,0.0,0.0,0.0,0.0,0.0,1.0,0.0,1
C25445,1,658.5,658.5,5,5.0,131.7,8.0,658.5,658.5,1.0,0.0,0.0,0.0,1.0,2.0,0.0,0.0,1.0,0.0,0.0,0.0,0.0,1.0,0.0,0.0,0.0,0.0,0.0,0.0,1.0,0.0,0.0,1
C25503,1,211.14,211.14,2,2.0,105.57,5.0,211.14,211.14,1.0,0.0,0.0,1.0,12.0,2.0,0.0,0.0,0.0,0.0,1.0,0.0,0.0,0.0,0.0,1.0,0.0,0.0,0.0,0.0,1.0,0.0,0.0,1
C25534,1,984.2,984.2,5,5.0,196.84,5.0,984.2,984.2,1.0,1.0,0.0,0.0,1.0,0.0,0.0,1.0,0.0,0.0,0.0,0.0,0.0,0.0,1.0,0.0,0.0,0.0,0.0,0.0,0.0,1.0,0.0,1
C25580,1,1563.36,1563.36,4,4.0,390.84,9.0,1563.36,1563.36,1.0,0.0,1.0,0.0,3.0,3.0,0.0,0.0,0.0,0.0,1.0,0.0,0.0,0.0,1.0,0.0,0.0,0.0,0.0,0.0,0.0,0.0,1.0,0
C25587,1,48.4,48.4,4,4.0,12.1,8.0,48.4,48.4,0.0,0.0,1.0,0.0,12.0,0.0,0.0,0.0,0.0,0.0,0.0,1.0,0.0,0.0,0.0,1.0,0.0,0.0,0.0,0.0,1.0,0.0,0.0,1
C25783,1,1253.4,1253.4,5,5.0,250.68,8.0,1253.4,1253.4,1.0,0.0,0.0,0.0,3.0,5.0,0.0,1.0,0.0,0.0,0.0,0.0,0.0,1.0,0.0,0.0,0.0,0.0,0.0,0.0,0.0,1.0,0.0,0
C25841,1,904.65,904.65,3,3.0,301.55,5.0,904.65,904.65,1.0,1.0,0.0,0.0,5.0,2.0,0.0,0.0,0.0,1.0,0.0,0.0,0.0,0.0,0.0,1.0,0.0,0.0,0.0,0.0,1.0,0.0,0.0,1
C25918,1,666.95,666.95,5,5.0,133.39,6.0,666.95,666.95,1.0,1.0,0.0,0.0,8.0,3.0,0.0,0.0,1.0,0.0,0.0,0.0,0.0,0.0,1.0,0.0,0.0,0.0,0.0,0.0,0.0,0.0,1.0,1
C25967,1,1709.8,1709.8,5,5.0,341.96,6.0,1709.8,1709.8,0.0,1.0,0.0,0.0,1.0,1.0,0.0,0.0,0.0,0.0,0.0,0.0,1.0,0.0,0.0,1.0,0.0,0.0,1.0,0.0,0.0,0.0,0.0,0
C26118,1,144.78,144.78,2,2.0,72.39,7.0,144.78,144.78,1.0,1.0,0.0,0.0,3.0,6.0,0.0,0.0,1.0,0.0,0.0,0.0,0.0,0.0,0.0,0.0,0.0,1.0,0.0,0.0,0.0,1.0,0.0,1
C26137,1,856.18,856.18,2,2.0,428.09,6.0,856.18,856.18,0.0,0.0,0.0,1.0,3.0,2.0,0.0,0.0,0.0,0.0,0.0,0.0,1.0,0.0,1.0,0.0,0.0,0.0,0.0,0.0,0.0,1.0,0.0,1
C26152,1,972.7,972.7,2,2.0,486.35,6.0,972.7,972.7,1.0,0.0,0.0,0.0,6.0,4.0,0.0,0.0,0.0,0.0,1.0,0.0,0.0,0.0,0.0,0.0,0.0,1.0,0.0,0.0,0.0,0.0,1.0,1
C26163,1,625.1,625.1,5,5.0,125.02,9.0,625.1,625.1,1.0,0.0,0.0,0.0,7.0,2.0,0.0,1.0,0.0,0.0,0.0,0.0,0.0,0.0,0.0,1.0,0.0,0.0,0.0,0.0,1.0,0.0,0.0,1
C26188,1,618.68,618.68,1,1.0,618.68,6.0,618.68,618.68,1.0,1.0,0.0,0.0,4.0,3.0,1.0,0.0,0.0,0.0,0.0,0.0,0.0,0.0,0.0,0.0,0.0,1.0,0.0,0.0,0.0,0.0,1.0,1
C26210,1,1334.25,1334.25,3,3.0,444.75,6.0,1334.25,1334.25,1.0,1.0,0.0,0.0,11.0,0.0,0.0,0.0,1.0,0.0,0.0,0.0,0.0,1.0,0.0,0.0,0.0,0.0,0.0,1.0,0.0,0.0,0.0,0
C26223,1,657.07,657.07,1,1.0,657.07,4.0,657.07,657.07,1.0,0.0,0.0,0.0,10.0,4.0,0.0,0.0,0.0,0.0,0.0,0.0,1.0,1.0,0.0,0.0,0.0,0.0,0.0,0.0,1.0,0.0,0.0,1
C26340,1,369.2,369.2,2,2.0,184.6,7.0,369.2,369.2,1.0,1.0,0.0,0.0,3.0,2.0,0.0,1.0,0.0,0.0,0.0,0.0,0.0,0.0,0.0,0.0,1.0,0.0,1.0,0.0,0.0,0.0,0.0,1
C26364,1,1314.24,1314.24,4,4.0,328.56,4.0,1314.24,1314.24,1.0,0.0,0.0,1.0,4.0,6.0,0.0,0.0,1.0,0.0,0.0,0.0,0.0,0.0,0.0,1.0,0.0,0.0,1.0,0.0,0.0,0.0,0.0,0
C26445,1,1500.24,1500.24,3,3.0,500.08,6.0,1500.24,1500.24,0.0,0.0,0.0,1.0,6.0,4.0,1.0,0.0,0.0,0.0,0.0,0.0,0.0,0.0,0.0,1.0,0.0,0.0,0.0,1.0,0.0,0.0,0.0,0
C26637,1,869.8,869.8,5,5.0,173.96,8.0,869.8,869.8,1.0,0.0,0.0,0.0,8.0,3.0,1.0,0.0,0.0,0.0,0.0,0.0,0.0,0.0,0.0,1.0,0.0,0.0,0.0,0.0,0.0,1.0,0.0,1
C26718,1,1052.36,1052.36,4,4.0,263.09,8.0,1052.36,1052.36,1.0,0.0,0.0,0.0,1.0,3.0,0.0,0.0,0.0,0.0,0.0,1.0,0.0,0.0,0.0,1.0,0.0,0.0,0.0,0.0,1.0,0.0,0.0,1
C26767,1,303.6,303.6,1,1.0,303.6,5.0,303.6,303.6,1.0,0.0,0.0,0.0,8.0,3.0,0.0,0.0,0.0,0.0,0.0,1.0,0.0,1.0,0.0,0.0,0.0,0.0,0.0,1.0,0.0,0.0,0.0,1
C26817,1,268.56,268.56,2,2.0,134.28,2.0,268.56,268.56,0.0,0.0,1.0,0.0,4.0,2.0,0.0,0.0,0.0,0.0,1.0,0.0,0.0,0.0,0.0,0.0,1.0,0.0,1.0,0.0,0.0,0.0,0.0,1
C26966,1,1872.9,1872.9,5,5.0,374.58,10.0,1872.9,1872.9,1.0,0.0,1.0,0.0,5.0,5.0,0.0,0.0,0.0,0.0,0.0,1.0,0.0,0.0,0.0,0.0,1.0,0.0,0.0,0.0,0.0,1.0,0.0,0
C27070,1,2612.52,2612.52,4,4.0,653.13,8.0,2612.52,2612.52,1.0,0.0,0.0,0.0,10.0,0.0,0.0,0.0,1.0,0.0,0.0,0.0,0.0,0.0,1.0,0.0,0.0,0.0,0.0,0.0,0.0,1.0,0.0,0
C27072,1,463.11,463.11,3,3.0,154.37,4.0,463.11,463.11,0.0,1.0,0.0,0.0,6.0,6.0,1.0,0.0,0.0,0.0,0.0,0.0,0.0,0.0,0.0,0.0,1.0,0.0,0.0,0.0,0.0,1.0,0.0,1
C27078,1,1181.9,1181.9,5,5.0,236.38,7.0,1181.9,1181.9,0.0,0.0,0.0,1.0,11.0,5.0,0.0,1.0,0.0,0.0,0.0,0.0,0.0,0.0,1.0,0.0,0.0,0.0,0.0,1.0,0.0,0.0,0.0,0
C27202,1,3267.35,3267.35,5,5.0,653.47,10.0,3267.35,3267.35,1.0,0.0,1.0,0.0,8.0,0.0,1.0,0.0,0.0,0.0,0.0,0.0,0.0,0.0,1.0,0.0,0.0,0.0,0.0,0.0,0.0,0.0,1.0,0
C27203,1,1040.85,1040.85,5,5.0,208.17,6.0,1040.85,1040.85,1.0,0.0,0.0,1.0,2.0,3.0,0.0,0.0,1.0,0.0,0.0,0.0,0.0,0.0,1.0,0.0,0.0,0.0,0.0,1.0,0.0,0.0,0.0,0
C27305,1,1390.58,1390.58,2,2.0,695.29,6.0,1390.58,1390.58,1.0,0.0,0.0,0.0,7.0,3.0,1.0,0.0,0.0,0.0,0.0,0.0,0.0,0.0,1.0,0.0,0.0,0.0,0.0,0.0,0.0,1.0,0.0,0
C27401,1,1619.73,1619.73,3,3.0,539.91,8.0,1619.73,1619.73,0.0,1.0,0.0,0.0,11.0,6.0,0.0,0.0,1.0,0.0,0.0,0.0,0.0,0.0,1.0,0.0,0.0,0.0,1.0,0.0,0.0,0.0,0.0,0
C27430,1,474.25,474.25,5,5.0,94.85,6.0,474.25,474.25,1.0,0.0,0.0,0.0,2.0,1.0,0.0,0.0,0.0,0.0,0.0,1.0,0.0,1.0,0.0,0.0,0.0,0.0,1.0,0.0,0.0,0.0,0.0,1
C27435,1,2104.9,2104.9,5,5.0,420.98,7.0,2104.9,2104.9,1.0,1.0,0.0,0.0,5.0,0.0,0.0,0.0,0.0,0.0,0.0,0.0,1.0,1.0,0.0,0.0,0.0,0.0,0.0,1.0,0.0,0.0,0.0,0
C27438,1,70.32,70.32,1,1.0,70.32,4.0,70.32,70.32,1.0,0.0,0.0,1.0,11.0,5.0,0.0,0.0,0.0,0.0,0.0,1.0,0.0,1.0,0.0,0.0,0.0,0.0,0.0,1.0,0.0,0.0,0.0,1
C27613,1,2462.6,2462.6,4,4.0,615.65,9.0,2462.6,2462.6,1.0,1.0,0.0,0.0,6.0,3.0,0.0,0.0,0.0,0.0,0.0,0.0,1.0,0.0,0.0,1.0,0.0,0.0,0.0,0.0,1.0,0.0,0.0,0
C27898,1,2513.55,2513.55,5,5.0,502.71,7.0,2513.55,2513.55,1.0,0.0,0.0,0.0,10.0,0.0,0.0,0.0,0.0,0.0,0.0,1.0,0.0,0.0,0.0,0.0,1.0,0.0,0.0,0.0,1.0,0.0,0.0,0
C28049,1,1293.38,1293.38,2,2.0,646.69,7.0,1293.38,1293.38,1.0,0.0,0.0,0.0,5.0,6.0,0.0,0.0,0.0,0.0,0.0,1.0,0.0,0.0,0.0,1.0,0.0,0.0,0.0,0.0,0.0,1.0,0.0,1
C28152,1,1714.59,1714.59,3,3.0,571.53,6.0,1714.59,1714.59,1.0,1.0,0.0,0.0,5.0,0.0,0.0,1.0,0.0,0.0,0.0,0.0,0.0,0.0,0.0,1.0,0.0,0.0,0.0,1.0,0.0,0.0,0.0,0
C28386,1,277.09,277.09,1,1.0,277.09,2.0,277.09,277.09,1.0,0.0,0.0,1.0,4.0,5.0,0.0,1.0,0.0,0.0,0.0,0.0,0.0,1.0,0.0,0.0,0.0,0.0,0.0,0.0,0.0,0.0,1.0,1
C28406,1,23.53,23.53,1,1.0,23.53,2.0,23.53,23.53,1.0,1.0,0.0,0.0,5.0,5.0,1.0,0.0,0.0,0.0,0.0,0.0,0.0,0.0,0.0,0.0,1.0,0.0,0.0,0.0,0.0,1.0,0.0,1
C28552,1,29.86,29.86,2,2.0,14.93,4.0,29.86,29.86,0.0,0.0,0.0,0.0,2.0,1.0,1.0,0.0,0.0,0.0,0.0,0.0,0.0,0.0,0.0,0.0,0.0,1.0,0.0,1.0,0.0,0.0,0.0,1
C28648,1,1895.44,1895.44,4,4.0,473.86,7.0,1895.44,1895.44,1.0,1.0,0.0,0.0,4.0,6.0,0.0,0.0,0.0,1.0,0.0,0.0,0.0,0.0,0.0,1.0,0.0,0.0,0.0,1.0,0.0,0.0,0.0,0
C28712,1,303.32,303.32,2,2.0,151.66,6.0,303.32,303.32,0.0,0.0,1.0,0.0,5.0,0.0,0.0,0.0,0.0,0.0,0.0,1.0,0.0,1.0,0.0,0.0,0.0,0.0,0.0,0.0,0.0,1.0,0.0,1
C28740,1,1670.97,1670.97,3,3.0,556.99,4.0,1670.97,1670.97,1.0,0.0,1.0,0.0,6.0,4.0,1.0,0.0,0.0,0.0,0.0,0.0,0.0,0.0,0.0,0.0,0.0,1.0,0.0,1.0,0.0,0.0,0.0,0
C28828,1,395.88,395.88,3,3.0,131.96,8.0,395.88,395.88,0.0,0.0,0.0,0.0,2.0,1.0,0.0,1.0,0.0,0.0,0.0,0.0,0.0,0.0,1.0,0.0,0.0,0.0,0.0,0.0,0.0,1.0,0.0,1
C28889,1,258.87,258.87,3,3.0,86.29,6.0,258.87,258.87,1.0,1.0,0.0,0.0,3.0,1.0,1.0,0.0,0.0,0.0,0.0,0.0,0.0,1.0,0.0,0.0,0.0,0.0,0.0,0.0,0.0,1.0,0.0,1
C28893,1,620.21,620.21,1,1.0,620.21,1.0,620.21,620.21,1.0,0.0,0.0,1.0,11.0,6.0,0.0,0.0,0.0,0.0,0.0,0.0,1.0,0.0,0.0,0.0,0.0,1.0,0.0,0.0,0.0,0.0,1.0,1
C28976,1,1067.62,1067.62,2,2.0,533.81,3.0,1067.62,1067.62,1.0,0.0,0.0,0.0,1.0,1.0,0.0,0.0,0.0,0.0,0.0,1.0,0.0,0.0,1.0,0.0,0.0,0.0,1.0,0.0,0.0,0.0,0.0,1
C29041,1,1768.68,1768.68,3,3.0,589.56,6.0,1768.68,1768.68,0.0,0.0,0.0,1.0,6.0,1.0,0.0,0.0,0.0,0.0,1.0,0.0,0.0,0.0,0.0,0.0,0.0,1.0,0.0,1.0,0.0,0.0,0.0,0
C29059,1,1503.9,1503.9,3,3.0,501.3,3.0,1503.9,1503.9,1.0,0.0,1.0,0.0,1.0,2.0,0.0,1.0,0.0,0.0,0.0,0.0,0.0,0.0,0.0,0.0,0.0,1.0,0.0,1.0,0.0,0.0,0.0,0
C29063,1,478.75,478.75,5,5.0,95.75,8.0,478.75,478.75,1.0,0.0,0.0,0.0,9.0,6.0,1.0,0.0,0.0,0.0,0.0,0.0,0.0,0.0,0.0,0.0,0.0,1.0,0.0,0.0,0.0,1.0,0.0,1
C29072,1,687.98,687.98,2,2.0,343.99,4.0,687.98,687.98,0.0,1.0,0.0,0.0,3.0,4.0,0.0,0.0,1.0,0.0,0.0,0.0,0.0,0.0,0.0,0.0,0.0,1.0,0.0,0.0,1.0,0.0,0.0,1
C29092,1,60.04,60.04,4,4.0,15.01,6.0,60.04,60.04,0.0,0.0,1.0,0.0,5.0,2.0,1.0,0.0,0.0,0.0,0.0,0.0,0.0,1.0,0.0,0.0,0.0,0.0,0.0,1.0,0.0,0.0,0.0,1
C29314,1,788.6,788.6,2,2.0,394.3,6.0,788.6,788.6,1.0,0.0,0.0,0.0,6.0,3.0,0.0,0.0,0.0,1.0,0.0,0.0,0.0,1.0,0.0,0.0,0.0,0.0,1.0,0.0,0.0,0.0,0.0,1
C29318,1,24.48,24.48,1,1.0,24.48,1.0,24.48,24.48,0.0,0.0,0.0,1.0,7.0,4.0,0.0,0.0,0.0,1.0,0.0,0.0,0.0,0.0,0.0,0.0,1.0,0.0,0.0,0.0,0.0,1.0,0.0,1
C29405,1,448.74,448.74,2,2.0,224.37,3.0,448.74,448.74,1.0,1.0,0.0,0.0,3.0,1.0,0.0,0.0,0.0,0.0,1.0,0.0,0.0,0.0,0.0,1.0,0.0,0.0,0.0,0.0,0.0,0.0,1.0,1
C29416,1,150.17,150.17,1,1.0,150.17,1.0,150.17,150.17,1.0,0.0,0.0,1.0,1.0,6.0,0.0,0.0,1.0,0.0,0.0,0.0,0.0,0.0,0.0,1.0,0.0,0.0,0.0,0.0,0.0,0.0,1.0,1
C29432,1,1406.22,1406.22,3,3.0,468.74,4.0,1406.22,1406.22,1.0,0.0,0.0,0.0,5.0,1.0,1.0,0.0,0.0,0.0,0.0,0.0,0.0,1.0,0.0,0.0,0.0,0.0,0.0,0.0,0.0,1.0,0.0,0
C29467,1,191.76,191.76,1,1.0,191.76,1.0,191.76,191.76,1.0,0.0,0.0,1.0,6.0,2.0,1.0,0.0,0.0,0.0,0.0,0.0,0.0,0.0,1.0,0.0,0.0,0.0,0.0,0.0,0.0,1.0,0.0,1
C29483,1,1222.88,1222.88,4,4.0,305.72,5.0,1222.88,1222.88,0.0,1.0,0.0,0.0,8.0,2.0,0.0,1.0,0.0,0.0,0.0,0.0,0.0,0.0,0.0,0.0,0.0,1.0,0.0,1.0,0.0,0.0,0.0,1
C29568,1,194.44,194.44,4,4.0,48.61,7.0,194.44,194.44,1.0,0.0,0.0,0.0,6.0,0.0,0.0,0.0,0.0,0.0,0.0,1.0,0.0,0.0,0.0,0.0,0.0,1.0,0.0,1.0,0.0,0.0,0.0,1
C29620,1,460.13,460.13,1,1.0,460.13,1.0,460.13,460.13,0.0,0.0,0.0,1.0,10.0,2.0,0.0,0.0,0.0,0.0,1.0,0.0,0.0,0.0,1.0,0.0,0.0,0.0,0.0,0.0,1.0,0.0,0.0,1
C29685,1,1923.45,1923.45,5,5.0,384.69,6.0,1923.45,1923.45,1.0,0.0,0.0,0.0,1.0,2.0,1.0,0.0,0.0,0.0,0.0,0.0,0.0,0.0,1.0,0.0,0.0,0.0,1.0,0.0,0.0,0.0,0.0,0
C29697,1,401.82,401.82,1,1.0,401.82,5.0,401.82,401.82,1.0,0.0,0.0,0.0,6.0,5.0,0.0,0.0,0.0,0.0,0.0,0.0,1.0,0.0,1.0,0.0,0.0,0.0,0.0,0.0,1.0,0.0,0.0,1
C29701,1,61.62,61.62,3,3.0,20.54,3.0,61.62,61.62,1.0,0.0,1.0,0.0,4.0,1.0,1.0,0.0,0.0,0.0,0.0,0.0,0.0,0.0,1.0,0.0,0.0,0.0,0.0,0.0,0.0,1.0,0.0,1
C29703,1,2790.0,2790.0,4,4.0,697.5,7.0,2790.0,2790.0,1.0,0.0,0.0,0.0,12.0,6.0,0.0,1.0,0.0,0.0,0.0,0.0,0.0,1.0,0.0,0.0,0.0,0.0,0.0,0.0,0.0,0.0,1.0,0
C29758,1,798.64,798.64,2,2.0,399.32,6.0,798.64,798.64,1.0,0.0,0.0,0.0,9.0,1.0,1.0,0.0,0.0,0.0,0.0,0.0,0.0,0.0,0.0,0.0,0.0,1.0,0.0,0.0,0.0,1.0,0.0,1
C29844,1,877.24,877.24,2,2.0,438.62,3.0,877.24,877.24,1.0,0.0,1.0,0.0,4.0,5.0,0.0,0.0,0.0,0.0,0.0,0.0,1.0,1.0,0.0,0.0,0.0,0.0,0.0,1.0,0.0,0.0,0.0,1
C29885,1,568.32,568.32,3,3.0,189.44,4.0,568.32,568.32,1.0,0.0,0.0,0.0,11.0,6.0,0.0,0.0,0.0,0.0,0.0,1.0,0.0,1.0,0.0,0.0,0.0,0.0,1.0,0.0,0.0,0.0,0.0,1
C29905,1,1067.9,1067.9,2,2.0,533.95,5.0,1067.9,1067.9,1.0,1.0,0.0,0.0,3.0,6.0,0.0,1.0,0.0,0.0,0.0,0.0,0.0,0.0,0.0,0.0,0.0,1.0,0.0,0.0,1.0,0.0,0.0,1
C29914,1,133.39,133.39,1,1.0,133.39,2.0,133.39,133.39,1.0,0.0,0.0,0.0,8.0,5.0,0.0,0.0,1.0,0.0,0.0,0.0,0.0,0.0,0.0,1.0,0.0,0.0,0.0,0.0,0.0,0.0,1.0,1
C29931,1,612.36,612.36,4,4.0,153.09,4.0,612.36,612.36,1.0,1.0,0.0,0.0,10.0,2.0,0.0,1.0,0.0,0.0,0.0,0.0,0.0,0.0,0.0,0.0,0.0,1.0,0.0,0.0,0.0,0.0,1.0,1
C30010,1,382.23,382.23,3,3.0,127.41,7.0,382.23,382.23,1.0,1.0,0.0,0.0,4.0,4.0,0.0,0.0,0.0,0.0,1.0,0.0,0.0,0.0,0.0,0.0,1.0,0.0,0.0,0.0,0.0,0.0,1.0,1
C30168,1,933.99,933.99,3,3.0,311.33,3.0,933.99,933.99,1.0,0.0,1.0,0.0,8.0,5.0,0.0,0.0,0.0,0.0,1.0,0.0,0.0,1.0,0.0,0.0,0.0,0.0,0.0,0.0,0.0,1.0,0.0,1
C30184,1,427.06,427.06,1,1.0,427.06,1.0,427.06,427.06,1.0,0.0,1.0,0.0,9.0,3.0,0.0,0.0,0.0,1.0,0.0,0.0,0.0,0.0,0.0,0.0,0.0,1.0,0.0,0.0,0.0,0.0,1.0,1
C30334,1,267.1,267.1,2,2.0,133.55,7.0,267.1,267.1,1.0,0.0,0.0,0.0,12.0,3.0,0.0,0.0,0.0,0.0,1.0,0.0,0.0,1.0,0.0,0.0,0.0,0.0,0.0,1.0,0.0,0.0,0.0,1
C30411,1,2551.16,2551.16,4,4.0,637.79,9.0,2551.16,2551.16,1.0,0.0,1.0,0.0,4.0,1.0,0.0,0.0,0.0,0.0,0.0,1.0,0.0,0.0,0.0,0.0,1.0,0.0,0.0,0.0,1.0,0.0,0.0,0
C30477,1,201.58,201.58,1,1.0,201.58,2.0,201.58,201.58,1.0,0.0,1.0,0.0,4.0,5.0,0.0,0.0,0.0,0.0,0.0,1.0,0.0,0.0,0.0,1.0,0.0,0.0,1.0,0.0,0.0,0.0,0.0,1
C30513,1,586.44,586.44,1,1.0,586.44,5.0,586.44,586.44,1.0,0.0,0.0,1.0,9.0,6.0,0.0,0.0,0.0,0.0,0.0,0.0,1.0,0.0,0.0,0.0,0.0,1.0,0.0,1.0,0.0,0.0,0.0,1
C30643,1,918.87,918.87,3,3.0,306.29,7.0,918.87,918.87,1.0,0.0,0.0,1.0,6.0,1.0,0.0,0.0,1.0,0.0,0.0,0.0,0.0,0.0,1.0,0.0,0.0,0.0,0.0,0.0,0.0,1.0,0.0,1
C30686,1,1614.32,1614.32,4,4.0,403.58,9.0,1614.32,1614.32,1.0,0.0,0.0,0.0,6.0,4.0,0.0,0.0,0.0,0.0,0.0,1.0,0.0,0.0,0.0,0.0,0.0,1.0,0.0,0.0,0.0,0.0,1.0,0
C30711,1,278.66,278.66,1,1.0,278.66,2.0,278.66,278.66,1.0,0.0,1.0,0.0,1.0,5.0,0.0,0.0,0.0,1.0,0.0,0.0,0.0,0.0,0.0,0.0,1.0,0.0,0.0,0.0,0.0,1.0,0.0,1
C30722,1,1333.9,1333.9,5,5.0,266.78,5.0,1333.9,1333.9,0.0,0.0,1.0,0.0,9.0,2.0,0.0,1.0,0.0,0.0,0.0,0.0,0.0,0.0,0.0,0.0,1.0,0.0,1.0,0.0,0.0,0.0,0.0,0
C30923,1,654.27,654.27,1,1.0,654.27,2.0,654.27,654.27,1.0,0.0,0.0,0.0,1.0,5.0,0.0,0.0,1.0,0.0,0.0,0.0,0.0,0.0,0.0,0.0,1.0,0.0,0.0,1.0,0.0,0.0,0.0,1
C30955,1,167.6,167.6,4,4.0,41.9,9.0,167.6,167.6,1.0,0.0,0.0,0.0,11.0,6.0,0.0,0.0,0.0,0.0,1.0,0.0,0.0,0.0,0.0,0.0,1.0,0.0,0.0,0.0,0.0,1.0,0.0,1
C31072,1,916.4,916.4,4,4.0,229.1,8.0,916.4,916.4,1.0,0.0,0.0,1.0,4.0,1.0,0.0,0.0,1.0,0.0,0.0,0.0,0.0,0.0,0.0,0.0,1.0,0.0,1.0,0.0,0.0,0.0,0.0,1
C31105,1,583.99,583.99,1,1.0,583.99,2.0,583.99,583.99,1.0,0.0,1.0,0.0,5.0,3.0,1.0,0.0,0.0,0.0,0.0,0.0,0.0,1.0,0.0,0.0,0.0,0.0,1.0,0.0,0.0,0.0,0.0,1
C31371,1,507.36,507.36,2,2.0,253.68,6.0,507.36,507.36,0.0,0.0,0.0,0.0,12.0,4.0,0.0,0.0,0.0,0.0,0.0,1.0,0.0,0.0,0.0,0.0,1.0,0.0,0.0,0.0,0.0,0.0,1.0,1
C31412,1,2042.32,2042.32,4,4.0,510.58,7.0,2042.32,2042.32,1.0,0.0,0.0,1.0,7.0,1.0,0.0,0.0,0.0,1.0,0.0,0.0,0.0,0.0,1.0,0.0,0.0,0.0,1.0,0.0,0.0,0.0,0.0,0
C31501,1,1764.15,1764.15,3,3.0,588.05,8.0,1764.15,1764.15,0.0,1.0,0.0,0.0,6.0,4.0,0.0,1.0,0.0,0.0,0.0,0.0,0.0,0.0,0.0,0.0,1.0,0.0,0.0,0.0,0.0,1.0,0.0,0
C31668,1,569.35,569.35,5,5.0,113.87,6.0,569.35,569.35,1.0,0.0,0.0,0.0,5.0,4.0,0.0,0.0,1.0,0.0,0.0,0.0,0.0,0.0,1.0,0.0,0.0,0.0,1.0,0.0,0.0,0.0,0.0,1
C31761,1,2600.16,2600.16,4,4.0,650.04,6.0,2600.16,2600.16,1.0,0.0,1.0,0.0,11.0,4.0,1.0,0.0,0.0,0.0,0.0,0.0,0.0,0.0,0.0,0.0,1.0,0.0,0.0,1.0,0.0,0.0,0.0,0
C31764,1,655.09,655.09,1,1.0,655.09,6.0,655.09,655.09,0.0,0.0,0.0,0.0,12.0,4.0,0.0,0.0,0.0,0.0,0.0,0.0,1.0,1.0,0.0,0.0,0.0,0.0,0.0,0.0,0.0,0.0,1.0,1
C31772,1,693.41,693.41,1,1.0,693.41,4.0,693.41,693.41,0.0,0.0,0.0,0.0,7.0,1.0,0.0,0.0,0.0,0.0,1.0,0.0,0.0,0.0,0.0,1.0,0.0,0.0,0.0,0.0,0.0,1.0,0.0,1
C31810,1,178.44,178.44,1,1.0,178.44,2.0,178.44,178.44,1.0,0.0,1.0,0.0,2.0,3.0,0.0,0.0,0.0,0.0,1.0,0.0,0.0,0.0,1.0,0.0,0.0,0.0,0.0,0.0,1.0,0.0,0.0,1
C31946,1,2037.52,2037.52,4,4.0,509.38,6.0,2037.52,2037.52,1.0,0.0,0.0,0.0,11.0,1.0,0.0,1.0,0.0,0.0,0.0,0.0,0.0,0.0,1.0,0.0,0.0,0.0,0.0,0.0,1.0,0.0,0.0,0
C32011,1,628.89,628.89,1,1.0,628.89,2.0,628.89,628.89,1.0,0.0,0.0,1.0,2.0,2.0,1.0,0.0,0.0,0.0,0.0,0.0,0.0,0.0,1.0,0.0,0.0,0.0,0.0,0.0,0.0,0.0,1.0,1
C32029,1,701.44,701.44,4,4.0,175.36,4.0,701.44,701.44,1.0,1.0,0.0,0.0,8.0,1.0,0.0,0.0,0.0,0.0,0.0,1.0,0.0,0.0,0.0,1.0,0.0,0.0,0.0,0.0,0.0,1.0,0.0,1
C32121,1,795.24,795.24,4,4.0,198.81,9.0,795.24,795.24,1.0,0.0,0.0,1.0,2.0,2.0,0.0,0.0,1.0,0.0,0.0,0.0,0.0,1.0,0.0,0.0,0.0,0.0,0.0,0.0,0.0,0.0,1.0,1
C32183,1,1985.67,1985.67,3,3.0,661.89,6.0,1985.67,1985.67,1.0,0.0,1.0,0.0,2.0,0.0,0.0,1.0,0.0,0.0,0.0,0.0,0.0,0.0,0.0,0.0,0.0,1.0,0.0,0.0,0.0,0.0,1.0,0
C32347,1,249.81,249.81,1,1.0,249.81,1.0,249.81,249.81,1.0,0.0,0.0,0.0,12.0,2.0,0.0,0.0,0.0,0.0,0.0,1.0,0.0,1.0,0.0,0.0,0.0,0.0,0.0,0.0,1.0,0.0,0.0,1
C32570,1,11.39,11.39,1,1.0,11.39,6.0,11.39,11.39,1.0,0.0,1.0,0.0,10.0,0.0,0.0,0.0,0.0,0.0,1.0,0.0,0.0,1.0,0.0,0.0,0.0,0.0,1.0,0.0,0.0,0.0,0.0,1
C32580,1,1874.95,1874.95,5,5.0,374.99,9.0,1874.95,1874.95,1.0,0.0,0.0,0.0,11.0,0.0,0.0,0.0,0.0,0.0,1.0,0.0,0.0,0.0,0.0,0.0,0.0,1.0,0.0,1.0,0.0,0.0,0.0,0
C32650,1,1210.52,1210.52,2,2.0,605.26,4.0,1210.52,1210.52,1.0,0.0,1.0,0.0,5.0,0.0,0.0,0.0,0.0,1.0,0.0,0.0,0.0,1.0,0.0,0.0,0.0,0.0,0.0,0.0,0.0,0.0,1.0,1
C32687,1,852.44,852.44,2,2.0,426.22,7.0,852.44,852.44,1.0,1.0,0.0,0.0,12.0,0.0,0.0,0.0,1.0,0.0,0.0,0.0,0.0,0.0,0.0,0.0,0.0,1.0,0.0,0.0,1.0,0.0,0.0,1
C32798,1,993.24,993.24,2,2.0,496.62,2.0,993.24,993.24,1.0,0.0,0.0,0.0,9.0,6.0,0.0,0.0,0.0,0.0,1.0,0.0,0.0,0.0,0.0,0.0,0.0,1.0,0.0,0.0,0.0,1.0,0.0,1
C32854,1,65.45,65.45,1,1.0,65.45,2.0,65.45,65.45,1.0,0.0,0.0,0.0,2.0,0.0,0.0,1.0,0.0,0.0,0.0,0.0,0.0,1.0,0.0,0.0,0.0,0.0,0.0,0.0,1.0,0.0,0.0,1
C32943,1,824.28,824.28,2,2.0,412.14,2.0,824.28,824.28,1.0,0.0,0.0,1.0,9.0,4.0,0.0,1.0,0.0,0.0,0.0,0.0,0.0,0.0,1.0,0.0,0.0,0.0,0.0,0.0,0.0,1.0,0.0,1
C32956,1,2715.8,2715.8,5,5.0,543.16,6.0,2715.8,2715.8,1.0,0.0,1.0,0.0,7.0,2.0,0.0,0.0,1.0,0.0,0.0,0.0,0.0,0.0,0.0,0.0,0.0,1.0,0.0,0.0,0.0,1.0,0.0,0
C32960,1,2223.8,2223.8,5,5.0,444.76,7.0,2223.8,2223.8,0.0,0.0,0.0,1.0,12.0,4.0,0.0,0.0,0.0,0.0,0.0,1.0,0.0,0.0,0.0,1.0,0.0,0.0,1.0,0.0,0.0,0.0,0.0,0
C33051,1,883.08,883.08,2,2.0,441.54,2.0,883.08,883.08,1.0,1.0,0.0,0.0,4.0,1.0,0.0,0.0,0.0,0.0,1.0,0.0,0.0,0.0,0.0,0.0,0.0,1.0,1.0,0.0,0.0,0.0,0.0,1
C33099,1,241.9,241.9,5,5.0,48.38,9.0,241.9,241.9,1.0,1.0,0.0,0.0,12.0,5.0,0.0,0.0,1.0,0.0,0.0,0.0,0.0,0.0,0.0,0.0,1.0,0.0,1.0,0.0,0.0,0.0,0.0,1
C33110,1,1584.42,1584.42,3,3.0,528.14,3.0,1584.42,1584.42,1.0,1.0,0.0,0.0,5.0,5.0,1.0,0.0,0.0,0.0,0.0,0.0,0.0,0.0,0.0,0.0,0.0,1.0,1.0,0.0,0.0,0.0,0.0,0
C33220,1,1852.16,1852.16,4,4.0,463.04,9.0,1852.16,1852.16,0.0,0.0,0.0,1.0,2.0,3.0,0.0,0.0,0.0,0.0,0.0,0.0,1.0,0.0,0.0,0.0,1.0,0.0,0.0,0.0,0.0,1.0,0.0,0
C33260,1,1270.59,1270.59,3,3.0,423.53,6.0,1270.59,1270.59,1.0,1.0,0.0,0.0,9.0,4.0,0.0,1.0,0.0,0.0,0.0,0.0,0.0,0.0,1.0,0.0,0.0,0.0,0.0,0.0,0.0,0.0,1.0,1
C33313,1,1738.65,1738.65,3,3.0,579.55,8.0,1738.65,1738.65,1.0,0.0,0.0,1.0,4.0,1.0,0.0,0.0,0.0,0.0,1.0,0.0,0.0,0.0,0.0,0.0,1.0,0.0,0.0,1.0,0.0,0.0,0.0,0
C33315,1,1687.65,1687.65,3,3.0,562.55,6.0,1687.65,1687.65,0.0,0.0,0.0,1.0,6.0,6.0,0.0,0.0,0.0,0.0,0.0,1.0,0.0,0.0,0.0,1.0,0.0,0.0,1.0,0.0,0.0,0.0,0.0,0
C33540,1,273.19,273.19,1,1.0,273.19,5.0,273.19,273.19,1.0,0.0,0.0,1.0,10.0,6.0,1.0,0.0,0.0,0.0,0.0,0.0,0.0,0.0,0.0,1.0,0.0,0.0,0.0,1.0,0.0,0.0,0.0,1
C33634,1,2355.4,2355.4,4,4.0,588.85,7.0,2355.4,2355.4,0.0,0.0,0.0,0.0,1.0,1.0,0.0,0.0,0.0,1.0,0.0,0.0,0.0,0.0,0.0,0.0,1.0,0.0,1.0,0.0,0.0,0.0,0.0,0
C33729,1,1978.71,1978.71,3,3.0,659.57,6.0,1978.71,1978.71,1.0,0.0,1.0,0.0,3.0,4.0,0.0,0.0,0.0,1.0,0.0,0.0,0.0,0.0,1.0,0.0,0.0,0.0,1.0,0.0,0.0,0.0,0.0,0
C33744,1,2307.48,2307.48,4,4.0,576.87,5.0,2307.48,2307.48,0.0,0.0,0.0,1.0,5.0,1.0,1.0,0.0,0.0,0.0,0.0,0.0,0.0,0.0,0.0,0.0,1.0,0.0,0.0,0.0,0.0,1.0,0.0,0
C33802,1,604.87,604.87,1,1.0,604.87,4.0,604.87,604.87,0.0,1.0,0.0,0.0,7.0,6.0,0.0,0.0,0.0,1.0,0.0,0.0,0.0,0.0,0.0,0.0,0.0,1.0,0.0,0.0,0.0,1.0,0.0,1
C34134,1,254.12,254.12,1,1.0,254.12,1.0,254.12,254.12,1.0,1.0,0.0,0.0,4.0,6.0,0.0,0.0,0.0,0.0,0.0,1.0,0.0,0.0,0.0,0.0,0.0,1.0,1.0,0.0,0.0,0.0,0.0,1
C34266,1,2519.52,2519.52,4,4.0,629.88,8.0,2519.52,2519.52,1.0,0.0,1.0,0.0,2.0,1.0,0.0,0.0,0.0,1.0,0.0,0.0,0.0,0.0,0.0,1.0,0.0,0.0,0.0,0.0,0.0,1.0,0.0,0
C34337,1,950.55,950.55,5,5.0,190.11,7.0,950.55,950.55,1.0,1.0,0.0,0.0,7.0,0.0,0.0,0.0,0.0,0.0,1.0,0.0,0.0,1.0,0.0,0.0,0.0,0.0,0.0,0.0,1.0,0.0,0.0,1
C34416,1,99.24,99.24,2,2.0,49.62,2.0,99.24,99.24,1.0,0.0,0.0,0.0,1.0,6.0,0.0,0.0,0.0,1.0,0.0,0.0,0.0,0.0,0.0,0.0,0.0,1.0,0.0,0.0,1.0,0.0,0.0,1
C34555,1,372.8,372.8,1,1.0,372.8,6.0,372.8,372.8,1.0,0.0,1.0,0.0,3.0,6.0,1.0,0.0,0.0,0.0,0.0,0.0,0.0,1.0,0.0,0.0,0.0,0.0,0.0,1.0,0.0,0.0,0.0,1
C34686,1,68.39,68.39,1,1.0,68.39,3.0,68.39,68.39,1.0,0.0,0.0,1.0,3.0,4.0,0.0,0.0,0.0,0.0,0.0,0.0,1.0,0.0,0.0,0.0,0.0,1.0,0.0,1.0,0.0,0.0,0.0,1
C35043,1,132.15,132.15,5,5.0,26.43,5.0,132.15,132.15,1.0,0.0,0.0,0.0,3.0,2.0,0.0,0.0,0.0,1.0,0.0,0.0,0.0,0.0,0.0,0.0,1.0,0.0,0.0,1.0,0.0,0.0,0.0,1
C35091,1,211.14,211.14,1,1.0,211.14,1.0,211.14,211.14,1.0,0.0,1.0,0.0,3.0,4.0,0.0,0.0,0.0,1.0,0.0,0.0,0.0,0.0,1.0,0.0,0.0,0.0,0.0,1.0,0.0,0.0,0.0,1
C35100,1,639.82,639.82,2,2.0,319.91,3.0,639.82,639.82,1.0,0.0,1.0,0.0,12.0,6.0,0.0,0.0,0.0,0.0,1.0,0.0,0.0,0.0,1.0,0.0,0.0,0.0,0.0,0.0,1.0,0.0,0.0,1
C35117,1,1395.86,1395.86,2,2.0,697.93,2.0,1395.86,1395.86,1.0,0.0,1.0,0.0,5.0,1.0,0.0,1.0,0.0,0.0,0.0,0.0,0.0,0.0,1.0,0.0,0.0,0.0,0.0,0.0,1.0,0.0,0.0,1
C35123,1,1546.92,1546.92,4,4.0,386.73,4.0,1546.92,1546.92,1.0,1.0,0.0,0.0,6.0,3.0,0.0,0.0,0.0,0.0,1.0,0.0,0.0,1.0,0.0,0.0,0.0,0.0,0.0,1.0,0.0,0.0,0.0,0
C35136,1,634.94,634.94,1,1.0,634.94,5.0,634.94,634.94,1.0,0.0,1.0,0.0,3.0,0.0,0.0,0.0,1.0,0.0,0.0,0.0,0.0,0.0,0.0,0.0,0.0,1.0,0.0,0.0,0.0,1.0,0.0,1
C35168,1,1199.72,1199.72,2,2.0,599.86,7.0,1199.72,1199.72,1.0,0.0,0.0,0.0,1.0,1.0,0.0,0.0,0.0,0.0,0.0,0.0,1.0,0.0,0.0,0.0,1.0,0.0,0.0,1.0,0.0,0.0,0.0,1
C35355,1,1327.6,1327.6,4,4.0,331.9,5.0,1327.6,1327.6,1.0,0.0,0.0,0.0,4.0,5.0,0.0,0.0,0.0,0.0,0.0,1.0,0.0,1.0,0.0,0.0,0.0,0.0,0.0,0.0,0.0,1.0,0.0,0
C35377,1,3119.05,3119.05,5,5.0,623.81,6.0,3119.05,3119.05,1.0,0.0,0.0,1.0,5.0,5.0,0.0,0.0,0.0,0.0,1.0,0.0,0.0,1.0,0.0,0.0,0.0,0.0,1.0,0.0,0.0,0.0,0.0,0
C35397,1,331.55,331.55,5,5.0,66.31,7.0,331.55,331.55,1.0,0.0,0.0,0.0,5.0,5.0,0.0,0.0,0.0,0.0,0.0,1.0,0.0,0.0,0.0,0.0,1.0,0.0,0.0,0.0,0.0,0.0,1.0,1
C35483,1,671.1,671.1,3,3.0,223.7,3.0,671.1,671.1,1.0,0.0,0.0,1.0,8.0,5.0,0.0,0.0,0.0,0.0,0.0,1.0,0.0,1.0,0.0,0.0,0.0,0.0,1.0,0.0,0.0,0.0,0.0,1
C35566,1,258.76,258.76,4,4.0,64.69,7.0,258.76,258.76,1.0,0.0,0.0,0.0,2.0,1.0,0.0,0.0,1.0,0.0,0.0,0.0,0.0,0.0,0.0,1.0,0.0,0.0,0.0,0.0,1.0,0.0,0.0,1
C35628,1,1660.71,1660.71,3,3.0,553.57,4.0,1660.71,1660.71,1.0,0.0,0.0,1.0,11.0,6.0,1.0,0.0,0.0,0.0,0.0,0.0,0.0,0.0,1.0,0.0,0.0,0.0,0.0,1.0,0.0,0.0,0.0,0
C35669,1,2894.15,2894.15,5,5.0,578.83,6.0,2894.15,2894.15,0.0,0.0,0.0,1.0,6.0,4.0,0.0,0.0,0.0,0.0,0.0,1.0,0.0,1.0,0.0,0.0,0.0,0.0,0.0,0.0,0.0,0.0,1.0,0
C35711,1,1308.48,1308.48,4,4.0,327.12,4.0,1308.48,1308.48,0.0,0.0,1.0,0.0,8.0,5.0,0.0,0.0,0.0,1.0,0.0,0.0,0.0,0.0,1.0,0.0,0.0,0.0,1.0,0.0,0.0,0.0,0.0,0
C35785,1,427.82,427.82,1,1.0,427.82,2.0,427.82,427.82,1.0,1.0,0.0,0.0,4.0,6.0,0.0,0.0,0.0,0.0,0.0,1.0,0.0,0.0,0.0,0.0,0.0,1.0,1.0,0.0,0.0,0.0,0.0,1
C35852,2,1248.39,624.195,7,3.5,203.72500000000002,5.5,1144.23,104.16,0.5,0.0,0.0,0.0,3.0,3.5,0.0,0.0,0.0,0.5,0.0,0.0,0.5,0.0,0.0,0.0,0.0,1.0,0.0,0.0,0.0,1.0,0.0,1
C35854,1,939.85,939.85,5,5.0,187.97,9.0,939.85,939.85,1.0,0.0,0.0,1.0,8.0,1.0,0.0,0.0,0.0,0.0,0.0,0.0,1.0,1.0,0.0,0.0,0.0,0.0,0.0,0.0,1.0,0.0,0.0,0
C35983,1,3137.15,3137.15,5,5.0,627.43,10.0,3137.15,3137.15,1.0,0.0,1.0,0.0,3.0,6.0,0.0,0.0,1.0,0.0,0.0,0.0,0.0,0.0,1.0,0.0,0.0,0.0,1.0,0.0,0.0,0.0,0.0,0
C35987,1,3267.3,3267.3,5,5.0,653.46,9.0,3267.3,3267.3,1.0,0.0,1.0,0.0,9.0,0.0,0.0,0.0,0.0,0.0,0.0,0.0,1.0,1.0,0.0,0.0,0.0,0.0,1.0,0.0,0.0,0.0,0.0,0
C36014,1,869.94,869.94,2,2.0,434.97,7.0,869.94,869.94,0.0,0.0,0.0,0.0,6.0,6.0,0.0,0.0,0.0,0.0,0.0,1.0,0.0,0.0,0.0,0.0,0.0,1.0,1.0,0.0,0.0,0.0,0.0,1
C36137,1,717.24,717.24,3,3.0,239.08,8.0,717.24,717.24,0.0,0.0,0.0,0.0,11.0,6.0,0.0,0.0,1.0,0.0,0.0,0.0,0.0,1.0,0.0,0.0,0.0,0.0,0.0,0.0,1.0,0.0,0.0,1
C36150,1,1069.82,1069.82,2,2.0,534.91,5.0,1069.82,1069.82,1.0,0.0,0.0,1.0,10.0,4.0,0.0,0.0,1.0,0.0,0.0,0.0,0.0,0.0,0.0,1.0,0.0,0.0,0.0,0.0,1.0,0.0,0.0,1
C36174,1,926.94,926.94,3,3.0,308.98,3.0,926.94,926.94,1.0,1.0,0.0,0.0,5.0,4.0,0.0,0.0,0.0,0.0,0.0,1.0,0.0,1.0,0.0,0.0,0.0,0.0,0.0,0.0,0.0,1.0,0.0,1
C36383,1,2107.2,2107.2,5,5.0,421.44,5.0,2107.2,2107.2,1.0,0.0,0.0,0.0,10.0,3.0,0.0,0.0,0.0,1.0,0.0,0.0,0.0,1.0,0.0,0.0,0.0,0.0,0.0,0.0,0.0,1.0,0.0,0
C36408,1,3075.5,3075.5,5,5.0,615.1,10.0,3075.5,3075.5,1.0,0.0,0.0,1.0,1.0,0.0,0.0,0.0,0.0,1.0,0.0,0.0,0.0,0.0,0.0,0.0,1.0,0.0,0.0,0.0,0.0,1.0,0.0,0
C36467,1,75.78,75.78,1,1.0,75.78,5.0,75.78,75.78,1.0,0.0,0.0,0.0,7.0,6.0,0.0,0.0,0.0,0.0,0.0,1.0,0.0,1.0,0.0,0.0,0.0,0.0,0.0,0.0,1.0,0.0,0.0,1
C36492,1,45.94,45.94,1,1.0,45.94,2.0,45.94,45.94,1.0,0.0,1.0,0.0,8.0,4.0,0.0,1.0,0.0,0.0,0.0,0.0,0.0,1.0,0.0,0.0,0.0,0.0,1.0,0.0,0.0,0.0,0.0,1
C36497,1,86.3,86.3,2,2.0,43.15,3.0,86.3,86.3,1.0,0.0,0.0,0.0,8.0,1.0,0.0,1.0,0.0,0.0,0.0,0.0,0.0,0.0,0.0,1.0,0.0,0.0,1.0,0.0,0.0,0.0,0.0,1
C36534,1,1963.62,1963.62,3,3.0,654.54,7.0,1963.62,1963.62,1.0,0.0,0.0,1.0,11.0,5.0,0.0,0.0,0.0,1.0,0.0,0.0,0.0,1.0,0.0,0.0,0.0,0.0,0.0,0.0,0.0,0.0,1.0,0
C36540,1,728.32,728.32,4,4.0,182.08,4.0,728.32,728.32,1.0,1.0,0.0,0.0,9.0,0.0,1.0,0.0,0.0,0.0,0.0,0.0,0.0,0.0,0.0,0.0,1.0,0.0,1.0,0.0,0.0,0.0,0.0,1
C36613,1,1894.92,1894.92,3,3.0,631.64,3.0,1894.92,1894.92,1.0,0.0,0.0,1.0,8.0,5.0,0.0,0.0,0.0,1.0,0.0,0.0,0.0,0.0,1.0,0.0,0.0,0.0,0.0,1.0,0.0,0.0,0.0,0
C36688,1,305.17,305.17,1,1.0,305.17,3.0,305.17,305.17,1.0,0.0,0.0,1.0,4.0,4.0,0.0,1.0,0.0,0.0,0.0,0.0,0.0,0.0,0.0,0.0,1.0,0.0,0.0,0.0,0.0,0.0,1.0,1
C36725,1,3253.6,3253.6,5,5.0,650.72,8.0,3253.6,3253.6,1.0,0.0,1.0,0.0,10.0,6.0,0.0,0.0,0.0,1.0,0.0,0.0,0.0,0.0,1.0,0.0,0.0,0.0,1.0,0.0,0.0,0.0,0.0,0
C36778,1,388.33,388.33,1,1.0,388.33,2.0,388.33,388.33,1.0,0.0,0.0,1.0,12.0,0.0,0.0,0.0,0.0,0.0,0.0,0.0,1.0,1.0,0.0,0.0,0.0,0.0,0.0,1.0,0.0,0.0,0.0,1
C36813,1,1842.45,1842.45,3,3.0,614.15,3.0,1842.45,1842.45,0.0,0.0,1.0,0.0,11.0,0.0,0.0,0.0,1.0,0.0,0.0,0.0,0.0,0.0,0.0,0.0,1.0,0.0,0.0,1.0,0.0,0.0,0.0,0
C36825,1,877.52,877.52,2,2.0,438.76,2.0,877.52,877.52,0.0,0.0,0.0,1.0,2.0,0.0,0.0,0.0,1.0,0.0,0.0,0.0,0.0,0.0,0.0,1.0,0.0,0.0,0.0,1.0,0.0,0.0,0.0,1
C36938,1,761.94,761.94,3,3.0,253.98,3.0,761.94,761.94,1.0,0.0,1.0,0.0,2.0,3.0,0.0,0.0,0.0,1.0,0.0,0.0,0.0,0.0,1.0,0.0,0.0,0.0,1.0,0.0,0.0,0.0,0.0,1
C36992,1,671.37,671.37,3,3.0,223.79,3.0,671.37,671.37,0.0,0.0,0.0,0.0,7.0,4.0,1.0,0.0,0.0,0.0,0.0,0.0,0.0,0.0,0.0,1.0,0.0,0.0,0.0,0.0,1.0,0.0,0.0,1
C36997,1,745.64,745.64,4,4.0,186.41,6.0,745.64,745.64,1.0,0.0,0.0,0.0,9.0,4.0,0.0,0.0,0.0,0.0,1.0,0.0,0.0,0.0,0.0,0.0,1.0,0.0,0.0,0.0,1.0,0.0,0.0,1
C37032,1,847.76,847.76,2,2.0,423.88,7.0,847.76,847.76,1.0,1.0,0.0,0.0,8.0,4.0,0.0,0.0,0.0,0.0,1.0,0.0,0.0,0.0,0.0,1.0,0.0,0.0,0.0,0.0,0.0,0.0,1.0,1
C37235,1,151.04,151.04,4,4.0,37.76,7.0,151.04,151.04,0.0,1.0,0.0,0.0,6.0,4.0,0.0,1.0,0.0,0.0,0.0,0.0,0.0,0.0,0.0,1.0,0.0,0.0,0.0,0.0,1.0,0.0,0.0,1
C37249,1,491.72,491.72,2,2.0,245.86,4.0,491.72,491.72,1.0,0.0,0.0,0.0,10.0,0.0,0.0,0.0,0.0,0.0,1.0,0.0,0.0,0.0,1.0,0.0,0.0,0.0,0.0,0.0,0.0,1.0,0.0,1
C37375,1,1036.46,1036.46,2,2.0,518.23,5.0,1036.46,1036.46,0.0,0.0,0.0,0.0,1.0,3.0,0.0,0.0,0.0,0.0,0.0,0.0,1.0,0.0,0.0,1.0,0.0,0.0,1.0,0.0,0.0,0.0,0.0,1
C37412,1,432.47,432.47,1,1.0,432.47,4.0,432.47,432.47,1.0,1.0,0.0,0.0,7.0,1.0,0.0,0.0,0.0,0.0,1.0,0.0,0.0,1.0,0.0,0.0,0.0,0.0,0.0,0.0,0.0,0.0,1.0,1
C37454,1,1303.35,1303.35,3,3.0,434.45,4.0,1303.35,1303.35,0.0,0.0,0.0,0.0,6.0,1.0,0.0,0.0,0.0,1.0,0.0,0.0,0.0,0.0,1.0,0.0,0.0,0.0,0.0,0.0,0.0,0.0,1.0,1
C37455,1,2380.05,2380.05,5,5.0,476.01,7.0,2380.05,2380.05,1.0,1.0,0.0,0.0,10.0,6.0,0.0,0.0,0.0,0.0,1.0,0.0,0.0,0.0,1.0,0.0,0.0,0.0,0.0,0.0,1.0,0.0,0.0,0
C37531,1,1349.3,1349.3,5,5.0,269.86,6.0,1349.3,1349.3,1.0,0.0,0.0,0.0,3.0,5.0,0.0,1.0,0.0,0.0,0.0,0.0,0.0,1.0,0.0,0.0,0.0,0.0,0.0,1.0,0.0,0.0,0.0,0
C37594,1,1361.2,1361.2,4,4.0,340.3,8.0,1361.2,1361.2,1.0,0.0,1.0,0.0,6.0,1.0,0.0,0.0,1.0,0.0,0.0,0.0,0.0,1.0,0.0,0.0,0.0,0.0,0.0,0.0,0.0,0.0,1.0,0
C37969,1,362.46,362.46,3,3.0,120.82,5.0,362.46,362.46,1.0,0.0,0.0,0.0,12.0,5.0,0.0,1.0,0.0,0.0,0.0,0.0,0.0,0.0,1.0,0.0,0.0,0.0,0.0,0.0,0.0,0.0,1.0,1
C38024,1,546.86,546.86,2,2.0,273.43,7.0,546.86,546.86,1.0,0.0,0.0,0.0,5.0,1.0,0.0,0.0,0.0,0.0,0.0,0.0,1.0,1.0,0.0,0.0,0.0,0.0,0.0,0.0,0.0,0.0,1.0,1
C38065,1,1178.55,1178.55,3,3.0,392.85,6.0,1178.55,1178.55,0.0,0.0,0.0,1.0,3.0,3.0,0.0,0.0,0.0,0.0,0.0,1.0,0.0,0.0,1.0,0.0,0.0,0.0,0.0,0.0,1.0,0.0,0.0,1
C38068,1,1302.65,1302.65,5,5.0,260.53,5.0,1302.65,1302.65,1.0,0.0,0.0,0.0,6.0,6.0,0.0,1.0,0.0,0.0,0.0,0.0,0.0,0.0,0.0,0.0,1.0,0.0,0.0,0.0,0.0,1.0,0.0,0
C38126,1,2060.76,2060.76,4,4.0,515.19,9.0,2060.76,2060.76,1.0,0.0,0.0,0.0,12.0,3.0,0.0,0.0,0.0,0.0,0.0,1.0,0.0,0.0,1.0,0.0,0.0,0.0,0.0,1.0,0.0,0.0,0.0,0
C38134,1,419.88,419.88,2,2.0,209.94,3.0,419.88,419.88,1.0,0.0,0.0,1.0,7.0,2.0,0.0,1.0,0.0,0.0,0.0,0.0,0.0,0.0,1.0,0.0,0.0,0.0,1.0,0.0,0.0,0.0,0.0,1
C38262,1,155.27,155.27,1,1.0,155.27,6.0,155.27,155.27,0.0,0.0,0.0,0.0,1.0,1.0,0.0,0.0,0.0,0.0,0.0,0.0,1.0,0.0,0.0,1.0,0.0,0.0,1.0,0.0,0.0,0.0,0.0,1
C38557,1,1915.5,1915.5,3,3.0,638.5,4.0,1915.5,1915.5,1.0,0.0,1.0,0.0,4.0,6.0,0.0,0.0,0.0,1.0,0.0,0.0,0.0,0.0,0.0,1.0,0.0,0.0,0.0,0.0,0.0,1.0,0.0,0
C38642,1,1046.0,1046.0,5,5.0,209.2,6.0,1046.0,1046.0,1.0,1.0,0.0,0.0,8.0,0.0,0.0,0.0,1.0,0.0,0.0,0.0,0.0,0.0,0.0,1.0,0.0,0.0,1.0,0.0,0.0,0.0,0.0,0
C38669,1,405.28,405.28,4,4.0,101.32,7.0,405.28,405.28,0.0,0.0,0.0,0.0,2.0,4.0,0.0,0.0,0.0,1.0,0.0,0.0,0.0,1.0,0.0,0.0,0.0,0.0,0.0,0.0,0.0,0.0,1.0,1
C38785,1,361.0,361.0,2,2.0,180.5,6.0,361.0,361.0,1.0,0.0,0.0,0.0,10.0,1.0,0.0,0.0,0.0,1.0,0.0,0.0,0.0,0.0,0.0,1.0,0.0,0.0,0.0,0.0,0.0,0.0,1.0,1
C38840,2,5723.23,2861.615,9,4.5,630.6300000000001,7.0,3390.95,2332.28,0.5,0.0,0.5,0.5,6.0,3.5,0.5,0.0,0.0,0.5,0.0,0.0,0.0,0.0,0.5,0.0,0.0,0.5,0.0,0.5,0.0,0.0,0.5,0
C38845,1,532.89,532.89,1,1.0,532.89,2.0,532.89,532.89,0.0,0.0,0.0,0.0,7.0,1.0,0.0,0.0,1.0,0.0,0.0,0.0,0.0,0.0,0.0,0.0,1.0,0.0,0.0,0.0,0.0,0.0,1.0,1
C38928,1,1671.56,1671.56,4,4.0,417.89,4.0,1671.56,1671.56,0.0,0.0,0.0,0.0,9.0,5.0,0.0,0.0,1.0,0.0,0.0,0.0,0.0,0.0,0.0,0.0,1.0,0.0,0.0,0.0,1.0,0.0,0.0,0
C38966,1,2021.95,2021.95,5,5.0,404.39,10.0,2021.95,2021.95,0.0,0.0,0.0,0.0,8.0,5.0,0.0,0.0,0.0,0.0,0.0,1.0,0.0,0.0,0.0,0.0,0.0,1.0,0.0,0.0,0.0,0.0,1.0,0
C39000,1,287.46,287.46,1,1.0,287.46,3.0,287.46,287.46,1.0,0.0,0.0,1.0,9.0,0.0,0.0,0.0,0.0,0.0,1.0,0.0,0.0,0.0,0.0,1.0,0.0,0.0,0.0,1.0,0.0,0.0,0.0,1
C39017,1,994.38,994.38,3,3.0,331.46,6.0,994.38,994.38,1.0,0.0,1.0,0.0,7.0,2.0,1.0,0.0,0.0,0.0,0.0,0.0,0.0,0.0,1.0,0.0,0.0,0.0,0.0,0.0,0.0,0.0,1.0,1
C39074,1,3032.6,3032.6,5,5.0,606.52,6.0,3032.6,3032.6,1.0,0.0,0.0,0.0,10.0,2.0,0.0,0.0,1.0,0.0,0.0,0.0,0.0,0.0,0.0,1.0,0.0,0.0,0.0,0.0,0.0,1.0,0.0,0
C39106,1,546.19,546.19,1,1.0,546.19,5.0,546.19,546.19,1.0,0.0,0.0,0.0,2.0,2.0,0.0,0.0,0.0,0.0,0.0,1.0,0.0,1.0,0.0,0.0,0.0,0.0,0.0,0.0,0.0,0.0,1.0,1
C39130,1,226.55,226.55,5,5.0,45.31,8.0,226.55,226.55,0.0,0.0,1.0,0.0,8.0,2.0,1.0,0.0,0.0,0.0,0.0,0.0,0.0,0.0,0.0,0.0,0.0,1.0,0.0,0.0,0.0,0.0,1.0,1
C39176,1,1737.68,1737.68,4,4.0,434.42,6.0,1737.68,1737.68,1.0,0.0,1.0,0.0,3.0,1.0,0.0,0.0,0.0,0.0,0.0,0.0,1.0,0.0,0.0,0.0,0.0,1.0,0.0,0.0,1.0,0.0,0.0,0
C39246,1,931.4,931.4,5,5.0,186.28,8.0,931.4,931.4,1.0,1.0,0.0,0.0,4.0,3.0,0.0,0.0,0.0,1.0,0.0,0.0,0.0,0.0,0.0,1.0,0.0,0.0,1.0,0.0,0.0,0.0,0.0,1
C39256,1,417.1,417.1,1,1.0,417.1,3.0,417.1,417.1,1.0,0.0,0.0,1.0,8.0,2.0,0.0,1.0,0.0,0.0,0.0,0.0,0.0,0.0,0.0,1.0,0.0,0.0,0.0,0.0,0.0,0.0,1.0,1
C39260,1,427.66,427.66,2,2.0,213.83,2.0,427.66,427.66,1.0,0.0,1.0,0.0,8.0,6.0,0.0,0.0,0.0,0.0,0.0,0.0,1.0,0.0,0.0,1.0,0.0,0.0,1.0,0.0,0.0,0.0,0.0,1
C39416,1,473.96,473.96,1,1.0,473.96,3.0,473.96,473.96,0.0,1.0,0.0,0.0,7.0,0.0,0.0,0.0,0.0,0.0,0.0,1.0,0.0,1.0,0.0,0.0,0.0,0.0,0.0,0.0,1.0,0.0,0.0,1
C39530,1,1704.15,1704.15,3,3.0,568.05,6.0,1704.15,1704.15,1.0,0.0,0.0,0.0,10.0,3.0,0.0,1.0,0.0,0.0,0.0,0.0,0.0,0.0,0.0,0.0,1.0,0.0,0.0,0.0,1.0,0.0,0.0,0
C39550,1,558.27,558.27,1,1.0,558.27,1.0,558.27,558.27,0.0,1.0,0.0,0.0,5.0,2.0,0.0,0.0,0.0,0.0,1.0,0.0,0.0,0.0,0.0,0.0,0.0,1.0,0.0,0.0,0.0,0.0,1.0,1
C39551,1,76.93,76.93,1,1.0,76.93,6.0,76.93,76.93,1.0,1.0,0.0,0.0,2.0,6.0,0.0,0.0,0.0,1.0,0.0,0.0,0.0,0.0,0.0,1.0,0.0,0.0,0.0,0.0,0.0,1.0,0.0,1
C39593,1,2078.13,2078.13,3,3.0,692.71,3.0,2078.13,2078.13,1.0,1.0,0.0,0.0,11.0,4.0,0.0,0.0,0.0,0.0,1.0,0.0,0.0,0.0,1.0,0.0,0.0,0.0,0.0,0.0,0.0,1.0,0.0,0
C39638,1,2161.32,2161.32,4,4.0,540.33,6.0,2161.32,2161.32,0.0,0.0,0.0,0.0,2.0,4.0,0.0,0.0,1.0,0.0,0.0,0.0,0.0,1.0,0.0,0.0,0.0,0.0,0.0,0.0,1.0,0.0,0.0,0
C39639,1,65.95,65.95,1,1.0,65.95,5.0,65.95,65.95,0.0,1.0,0.0,0.0,1.0,2.0,0.0,0.0,0.0,1.0,0.0,0.0,0.0,0.0,1.0,0.0,0.0,0.0,0.0,1.0,0.0,0.0,0.0,1
C39648,1,465.33,465.33,1,1.0,465.33,2.0,465.33,465.33,1.0,1.0,0.0,0.0,11.0,3.0,1.0,0.0,0.0,0.0,0.0,0.0,0.0,0.0,0.0,0.0,1.0,0.0,0.0,0.0,1.0,0.0,0.0,1
C39664,1,946.25,946.25,5,5.0,189.25,10.0,946.25,946.25,1.0,0.0,1.0,0.0,7.0,4.0,0.0,1.0,0.0,0.0,0.0,0.0,0.0,0.0,0.0,1.0,0.0,0.0,1.0,0.0,0.0,0.0,0.0,0
C39671,1,217.56,217.56,1,1.0,217.56,3.0,217.56,217.56,0.0,1.0,0.0,0.0,12.0,2.0,0.0,0.0,1.0,0.0,0.0,0.0,0.0,0.0,0.0,1.0,0.0,0.0,0.0,1.0,0.0,0.0,0.0,1
C39791,1,597.06,597.06,2,2.0,298.53,5.0,597.06,597.06,1.0,0.0,1.0,0.0,1.0,1.0,1.0,0.0,0.0,0.0,0.0,0.0,0.0,0.0,0.0,1.0,0.0,0.0,1.0,0.0,0.0,0.0,0.0,1
C39906,1,75.01,75.01,1,1.0,75.01,3.0,75.01,75.01,0.0,0.0,0.0,1.0,7.0,6.0,0.0,0.0,0.0,0.0,0.0,1.0,0.0,0.0,1.0,0.0,0.0,0.0,0.0,0.0,1.0,0.0,0.0,1
C39911,1,2073.6,2073.6,4,4.0,518.4,7.0,2073.6,2073.6,1.0,1.0,0.0,0.0,8.0,0.0,0.0,0.0,0.0,0.0,1.0,0.0,0.0,0.0,1.0,0.0,0.0,0.0,0.0,1.0,0.0,0.0,0.0,0
C40136,1,1039.56,1039.56,3,3.0,346.52,3.0,1039.56,1039.56,1.0,0.0,0.0,0.0,3.0,3.0,0.0,0.0,0.0,0.0,0.0,1.0,0.0,0.0,1.0,0.0,0.0,0.0,0.0,0.0,1.0,0.0,0.0,1
C40140,1,363.2,363.2,5,5.0,72.64,7.0,363.2,363.2,0.0,0.0,1.0,0.0,2.0,2.0,0.0,0.0,0.0,0.0,1.0,0.0,0.0,0.0,1.0,0.0,0.0,0.0,1.0,0.0,0.0,0.0,0.0,1
C40201,1,185.82,185.82,2,2.0,92.91,3.0,185.82,185.82,1.0,0.0,0.0,1.0,9.0,2.0,0.0,0.0,1.0,0.0,0.0,0.0,0.0,1.0,0.0,0.0,0.0,0.0,0.0,0.0,0.0,1.0,0.0,1
C40304,1,479.36,479.36,4,4.0,119.84,8.0,479.36,479.36,1.0,0.0,0.0,0.0,6.0,6.0,0.0,0.0,1.0,0.0,0.0,0.0,0.0,0.0,0.0,0.0,1.0,0.0,0.0,0.0,0.0,0.0,1.0,1
C40427,1,613.98,613.98,1,1.0,613.98,4.0,613.98,613.98,1.0,1.0,0.0,0.0,8.0,6.0,0.0,0.0,0.0,0.0,1.0,0.0,0.0,0.0,0.0,0.0,0.0,1.0,0.0,1.0,0.0,0.0,0.0,1
C40466,1,541.64,541.64,1,1.0,541.64,5.0,541.64,541.64,1.0,0.0,0.0,0.0,9.0,2.0,0.0,1.0,0.0,0.0,0.0,0.0,0.0,0.0,0.0,1.0,0.0,0.0,1.0,0.0,0.0,0.0,0.0,1
C40538,1,423.64,423.64,2,2.0,211.82,4.0,423.64,423.64,1.0,0.0,1.0,0.0,11.0,0.0,0.0,1.0,0.0,0.0,0.0,0.0,0.0,0.0,0.0,0.0,1.0,0.0,1.0,0.0,0.0,0.0,0.0,1
C40648,1,603.76,603.76,2,2.0,301.88,5.0,603.76,603.76,1.0,0.0,0.0,1.0,3.0,3.0,0.0,0.0,1.0,0.0,0.0,0.0,0.0,0.0,0.0,0.0,1.0,0.0,1.0,0.0,0.0,0.0,0.0,1
C40771,1,697.96,697.96,4,4.0,174.49,5.0,697.96,697.96,1.0,1.0,0.0,0.0,12.0,5.0,0.0,0.0,1.0,0.0,0.0,0.0,0.0,0.0,1.0,0.0,0.0,0.0,0.0,1.0,0.0,0.0,0.0,1
C40798,1,1081.98,1081.98,3,3.0,360.66,5.0,1081.98,1081.98,1.0,0.0,0.0,1.0,2.0,3.0,0.0,0.0,0.0,0.0,0.0,0.0,1.0,0.0,0.0,0.0,0.0,1.0,0.0,0.0,0.0,1.0,0.0,1
C40863,1,489.39,489.39,3,3.0,163.13,5.0,489.39,489.39,1.0,0.0,0.0,0.0,11.0,6.0,1.0,0.0,0.0,0.0,0.0,0.0,0.0,0.0,0.0,0.0,1.0,0.0,0.0,1.0,0.0,0.0,0.0,1
C40882,1,868.52,868.52,4,4.0,217.13,8.0,868.52,868.52,1.0,1.0,0.0,0.0,1.0,4.0,0.0,1.0,0.0,0.0,0.0,0.0,0.0,1.0,0.0,0.0,0.0,0.0,1.0,0.0,0.0,0.0,0.0,1
C40949,1,1105.26,1105.26,2,2.0,552.63,7.0,1105.26,1105.26,1.0,1.0,0.0,0.0,8.0,5.0,0.0,0.0,0.0,1.0,0.0,0.0,0.0,0.0,0.0,1.0,0.0,0.0,0.0,0.0,0.0,1.0,0.0,1
C40967,1,287.25,287.25,5,5.0,57.45,10.0,287.25,287.25,0.0,0.0,1.0,0.0,3.0,6.0,0.0,0.0,0.0,1.0,0.0,0.0,0.0,1.0,0.0,0.0,0.0,0.0,0.0,1.0,0.0,0.0,0.0,1
C41132,1,381.61,381.61,1,1.0,381.61,5.0,381.61,381.61,0.0,0.0,0.0,0.0,4.0,0.0,1.0,0.0,0.0,0.0,0.0,0.0,0.0,0.0,0.0,1.0,0.0,0.0,1.0,0.0,0.0,0.0,0.0,1
C41137,1,1347.39,1347.39,3,3.0,449.13,5.0,1347.39,1347.39,1.0,0.0,0.0,1.0,1.0,0.0,1.0,0.0,0.0,0.0,0.0,0.0,0.0,1.0,0.0,0.0,0.0,0.0,0.0,0.0,0.0,0.0,1.0,0
C41284,1,737.92,737.92,4,4.0,184.48,4.0,737.92,737.92,1.0,0.0,1.0,0.0,3.0,6.0,0.0,0.0,1.0,0.0,0.0,0.0,0.0,0.0,0.0,0.0,0.0,1.0,0.0,0.0,1.0,0.0,0.0,1
C41320,1,1709.52,1709.52,3,3.0,569.84,8.0,1709.52,1709.52,1.0,0.0,1.0,0.0,8.0,6.0,0.0,0.0,0.0,0.0,0.0,1.0,0.0,0.0,0.0,0.0,1.0,0.0,0.0,0.0,0.0,1.0,0.0,0
C41331,1,1203.05,1203.05,5,5.0,240.61,10.0,1203.05,1203.05,1.0,0.0,0.0,0.0,5.0,3.0,0.0,0.0,0.0,1.0,0.0,0.0,0.0,0.0,1.0,0.0,0.0,0.0,1.0,0.0,0.0,0.0,0.0,0
C41460,1,747.75,747.75,5,5.0,149.55,9.0,747.75,747.75,1.0,0.0,0.0,0.0,5.0,4.0,0.0,0.0,0.0,1.0,0.0,0.0,0.0,1.0,0.0,0.0,0.0,0.0,0.0,1.0,0.0,0.0,0.0,1
C41478,1,2138.28,2138.28,4,4.0,534.57,6.0,2138.28,2138.28,1.0,1.0,0.0,0.0,8.0,6.0,0.0,0.0,0.0,0.0,0.0,1.0,0.0,0.0,1.0,0.0,0.0,0.0,0.0,1.0,0.0,0.0,0.0,0
C41508,1,429.96,429.96,4,4.0,107.49,5.0,429.96,429.96,0.0,1.0,0.0,0.0,6.0,1.0,0.0,0.0,0.0,0.0,0.0,1.0,0.0,1.0,0.0,0.0,0.0,0.0,0.0,0.0,1.0,0.0,0.0,1
C41598,1,1472.76,1472.76,3,3.0,490.92,5.0,1472.76,1472.76,1.0,0.0,0.0,0.0,12.0,0.0,1.0,0.0,0.0,0.0,0.0,0.0,0.0,0.0,1.0,0.0,0.0,0.0,1.0,0.0,0.0,0.0,0.0,0
C41709,1,712.7,712.7,2,2.0,356.35,6.0,712.7,712.7,1.0,0.0,0.0,1.0,6.0,4.0,0.0,1.0,0.0,0.0,0.0,0.0,0.0,0.0,0.0,1.0,0.0,0.0,0.0,1.0,0.0,0.0,0.0,1
C41903,1,160.8,160.8,3,3.0,53.6,4.0,160.8,160.8,1.0,0.0,0.0,0.0,10.0,0.0,0.0,1.0,0.0,0.0,0.0,0.0,0.0,1.0,0.0,0.0,0.0,0.0,0.0,1.0,0.0,0.0,0.0,1
C41974,1,2099.79,2099.79,3,3.0,699.93,7.0,2099.79,2099.79,1.0,0.0,0.0,1.0,11.0,5.0,0.0,0.0,1.0,0.0,0.0,0.0,0.0,1.0,0.0,0.0,0.0,0.0,0.0,0.0,1.0,0.0,0.0,0
C42108,1,641.36,641.36,2,2.0,320.68,5.0,641.36,641.36,1.0,0.0,0.0,0.0,6.0,2.0,0.0,1.0,0.0,0.0,0.0,0.0,0.0,0.0,1.0,0.0,0.0,0.0,0.0,0.0,0.0,0.0,1.0,1
C42235,1,1193.44,1193.44,4,4.0,298.36,8.0,1193.44,1193.44,1.0,0.0,0.0,0.0,10.0,1.0,1.0,0.0,0.0,0.0,0.0,0.0,0.0,0.0,0.0,1.0,0.0,0.0,0.0,0.0,1.0,0.0,0.0,0
C42270,1,482.98,482.98,2,2.0,241.49,7.0,482.98,482.98,1.0,0.0,0.0,1.0,4.0,2.0,0.0,0.0,0.0,0.0,1.0,0.0,0.0,0.0,0.0,1.0,0.0,0.0,0.0,0.0,0.0,1.0,0.0,1
C42306,1,612.81,612.81,3,3.0,204.27,4.0,612.81,612.81,0.0,0.0,0.0,1.0,4.0,1.0,0.0,0.0,0.0,0.0,1.0,0.0,0.0,0.0,0.0,0.0,0.0,1.0,0.0,0.0,1.0,0.0,0.0,1
C42365,1,214.08,214.08,1,1.0,214.08,2.0,214.08,214.08,1.0,0.0,0.0,1.0,11.0,5.0,0.0,0.0,0.0,0.0,0.0,0.0,1.0,0.0,0.0,0.0,1.0,0.0,0.0,0.0,1.0,0.0,0.0,1
C42372,1,1093.0,1093.0,4,4.0,273.25,5.0,1093.0,1093.0,1.0,0.0,1.0,0.0,4.0,2.0,0.0,0.0,0.0,0.0,1.0,0.0,0.0,0.0,0.0,1.0,0.0,0.0,0.0,0.0,0.0,0.0,1.0,1
C42451,1,665.05,665.05,5,5.0,133.01,10.0,665.05,665.05,0.0,0.0,0.0,1.0,4.0,4.0,0.0,0.0,0.0,0.0,0.0,0.0,1.0,0.0,1.0,0.0,0.0,0.0,0.0,1.0,0.0,0.0,0.0,1
C42577,1,399.98,399.98,1,1.0,399.98,3.0,399.98,399.98,1.0,1.0,0.0,0.0,7.0,2.0,0.0,0.0,0.0,1.0,0.0,0.0,0.0,0.0,0.0,1.0,0.0,0.0,1.0,0.0,0.0,0.0,0.0,1
C42949,1,660.66,660.66,1,1.0,660.66,3.0,660.66,660.66,1.0,1.0,0.0,0.0,11.0,2.0,0.0,0.0,0.0,0.0,0.0,1.0,0.0,0.0,0.0,1.0,0.0,0.0,0.0,0.0,0.0,1.0,0.0,1
C43124,1,2773.44,2773.44,4,4.0,693.36,8.0,2773.44,2773.44,0.0,0.0,0.0,0.0,5.0,3.0,1.0,0.0,0.0,0.0,0.0,0.0,0.0,0.0,0.0,0.0,0.0,1.0,0.0,0.0,0.0,1.0,0.0,0
C43212,1,2200.56,2200.56,4,4.0,550.14,4.0,2200.56,2200.56,1.0,0.0,0.0,0.0,6.0,2.0,0.0,0.0,0.0,1.0,0.0,0.0,0.0,0.0,0.0,1.0,0.0,0.0,0.0,0.0,0.0,1.0,0.0,0
C43249,1,1391.43,1391.43,3,3.0,463.81,8.0,1391.43,1391.43,1.0,0.0,0.0,1.0,3.0,5.0,0.0,0.0,0.0,0.0,0.0,1.0,0.0,0.0,0.0,0.0,0.0,1.0,1.0,0.0,0.0,0.0,0.0,0
C43330,1,580.47,580.47,3,3.0,193.49,6.0,580.47,580.47,1.0,0.0,0.0,1.0,12.0,2.0,0.0,0.0,0.0,1.0,0.0,0.0,0.0,0.0,0.0,0.0,1.0,0.0,0.0,1.0,0.0,0.0,0.0,1
C43335,1,548.24,548.24,2,2.0,274.12,6.0,548.24,548.24,1.0,1.0,0.0,0.0,6.0,5.0,0.0,0.0,0.0,0.0,1.0,0.0,0.0,1.0,0.0,0.0,0.0,0.0,0.0,0.0,0.0,0.0,1.0,1
C43338,1,1435.95,1435.95,3,3.0,478.65,4.0,1435.95,1435.95,0.0,0.0,0.0,0.0,5.0,3.0,0.0,0.0,0.0,1.0,0.0,0.0,0.0,0.0,0.0,0.0,0.0,1.0,0.0,0.0,0.0,0.0,1.0,0
C43443,1,3129.85,3129.85,5,5.0,625.97,9.0,3129.85,3129.85,1.0,0.0,0.0,1.0,12.0,4.0,0.0,0.0,0.0,0.0,0.0,0.0,1.0,0.0,1.0,0.0,0.0,0.0,0.0,0.0,0.0,1.0,0.0,0
C43524,1,2621.3,2621.3,5,5.0,524.26,5.0,2621.3,2621.3,1.0,1.0,0.0,0.0,1.0,2.0,0.0,0.0,0.0,0.0,1.0,0.0,0.0,0.0,0.0,0.0,1.0,0.0,0.0,0.0,0.0,0.0,1.0,0
C43538,1,1290.18,1290.18,3,3.0,430.06,8.0,1290.18,1290.18,1.0,0.0,1.0,0.0,5.0,1.0,0.0,1.0,0.0,0.0,0.0,0.0,0.0,0.0,0.0,0.0,1.0,0.0,0.0,0.0,0.0,1.0,0.0,0
C43545,1,1876.25,1876.25,5,5.0,375.25,9.0,1876.25,1876.25,1.0,0.0,0.0,0.0,12.0,6.0,0.0,0.0,0.0,1.0,0.0,0.0,0.0,0.0,0.0,0.0,1.0,0.0,1.0,0.0,0.0,0.0,0.0,0
C43546,1,485.91,485.91,3,3.0,161.97,4.0,485.91,485.91,1.0,0.0,0.0,0.0,6.0,6.0,0.0,0.0,0.0,1.0,0.0,0.0,0.0,1.0,0.0,0.0,0.0,0.0,1.0,0.0,0.0,0.0,0.0,1
C43595,1,2807.4,2807.4,5,5.0,561.48,9.0,2807.4,2807.4,1.0,1.0,0.0,0.0,5.0,1.0,0.0,0.0,0.0,0.0,0.0,1.0,0.0,0.0,0.0,0.0,0.0,1.0,0.0,1.0,0.0,0.0,0.0,0
C43721,1,131.61,131.61,1,1.0,131.61,2.0,131.61,131.61,1.0,0.0,0.0,0.0,2.0,0.0,0.0,0.0,0.0,0.0,1.0,0.0,0.0,1.0,0.0,0.0,0.0,0.0,0.0,1.0,0.0,0.0,0.0,1
C43842,1,1303.14,1303.14,2,2.0,651.57,7.0,1303.14,1303.14,1.0,0.0,0.0,0.0,10.0,5.0,1.0,0.0,0.0,0.0,0.0,0.0,0.0,0.0,0.0,1.0,0.0,0.0,0.0,1.0,0.0,0.0,0.0,1
C43867,1,524.06,524.06,1,1.0,524.06,3.0,524.06,524.06,1.0,0.0,0.0,0.0,7.0,3.0,0.0,0.0,0.0,0.0,0.0,0.0,1.0,0.0,0.0,1.0,0.0,0.0,1.0,0.0,0.0,0.0,0.0,1
C43911,1,1674.84,1674.84,4,4.0,418.71,8.0,1674.84,1674.84,1.0,0.0,0.0,0.0,6.0,6.0,1.0,0.0,0.0,0.0,0.0,0.0,0.0,1.0,0.0,0.0,0.0,0.0,0.0,0.0,0.0,1.0,0.0,0
C43919,1,1804.8,1804.8,3,3.0,601.6,7.0,1804.8,1804.8,1.0,0.0,1.0,0.0,10.0,3.0,0.0,0.0,0.0,0.0,0.0,0.0,1.0,0.0,1.0,0.0,0.0,0.0,0.0,1.0,0.0,0.0,0.0,0
C43965,1,359.92,359.92,2,2.0,179.96,5.0,359.92,359.92,0.0,0.0,0.0,0.0,1.0,5.0,0.0,0.0,0.0,0.0,0.0,0.0,1.0,0.0,0.0,0.0,1.0,0.0,0.0,0.0,0.0,1.0,0.0,1
C44148,1,1505.72,1505.72,4,4.0,376.43,5.0,1505.72,1505.72,1.0,0.0,0.0,0.0,2.0,0.0,0.0,1.0,0.0,0.0,0.0,0.0,0.0,0.0,0.0,0.0,1.0,0.0,0.0,0.0,0.0,1.0,0.0,0
C44176,1,77.64,77.64,1,1.0,77.64,1.0,77.64,77.64,1.0,0.0,0.0,0.0,2.0,4.0,0.0,1.0,0.0,0.0,0.0,0.0,0.0,0.0,1.0,0.0,0.0,0.0,0.0,1.0,0.0,0.0,0.0,1
C44267,1,853.4,853.4,2,2.0,426.7,5.0,853.4,853.4,1.0,0.0,0.0,0.0,3.0,5.0,0.0,0.0,0.0,1.0,0.0,0.0,0.0,0.0,0.0,0.0,0.0,1.0,0.0,0.0,0.0,0.0,1.0,1
C44277,1,458.63,458.63,1,1.0,458.63,4.0,458.63,458.63,1.0,0.0,0.0,1.0,4.0,6.0,0.0,0.0,0.0,0.0,0.0,0.0,1.0,0.0,0.0,1.0,0.0,0.0,0.0,0.0,0.0,0.0,1.0,1
C44366,1,776.44,776.44,2,2.0,388.22,2.0,776.44,776.44,1.0,1.0,0.0,0.0,1.0,2.0,0.0,0.0,1.0,0.0,0.0,0.0,0.0,1.0,0.0,0.0,0.0,0.0,0.0,0.0,0.0,1.0,0.0,1
C44492,1,277.05,277.05,5,5.0,55.41,5.0,277.05,277.05,0.0,0.0,1.0,0.0,10.0,1.0,0.0,0.0,1.0,0.0,0.0,0.0,0.0,0.0,0.0,0.0,0.0,1.0,0.0,0.0,1.0,0.0,0.0,1
C44619,1,475.11,475.11,3,3.0,158.37,6.0,475.11,475.11,0.0,0.0,0.0,0.0,3.0,2.0,0.0,0.0,0.0,1.0,0.0,0.0,0.0,1.0,0.0,0.0,0.0,0.0,0.0,0.0,0.0,0.0,1.0,1
C44674,1,627.34,627.34,1,1.0,627.34,1.0,627.34,627.34,0.0,1.0,0.0,0.0,11.0,0.0,0.0,0.0,1.0,0.0,0.0,0.0,0.0,0.0,0.0,0.0,0.0,1.0,0.0,0.0,0.0,0.0,1.0,1
C44733,1,87.06,87.06,1,1.0,87.06,4.0,87.06,87.06,1.0,0.0,0.0,0.0,3.0,5.0,0.0,1.0,0.0,0.0,0.0,0.0,0.0,0.0,1.0,0.0,0.0,0.0,1.0,0.0,0.0,0.0,0.0,1
C44778,1,153.0,153.0,1,1.0,153.0,4.0,153.0,153.0,0.0,0.0,0.0,1.0,10.0,2.0,0.0,0.0,0.0,0.0,1.0,0.0,0.0,0.0,1.0,0.0,0.0,0.0,0.0,0.0,0.0,0.0,1.0,1
C45104,1,687.89,687.89,1,1.0,687.89,1.0,687.89,687.89,1.0,0.0,0.0,1.0,6.0,0.0,0.0,0.0,0.0,0.0,0.0,0.0,1.0,1.0,0.0,0.0,0.0,0.0,1.0,0.0,0.0,0.0,0.0,1
C45175,1,70.82,70.82,1,1.0,70.82,1.0,70.82,70.82,1.0,0.0,0.0,0.0,1.0,6.0,0.0,0.0,0.0,0.0,1.0,0.0,0.0,0.0,0.0,0.0,1.0,0.0,0.0,0.0,0.0,1.0,0.0,1
C45187,1,420.65,420.65,5,5.0,84.13,9.0,420.65,420.65,1.0,1.0,0.0,0.0,6.0,2.0,0.0,1.0,0.0,0.0,0.0,0.0,0.0,0.0,0.0,0.0,0.0,1.0,0.0,0.0,1.0,0.0,0.0,1
C45482,1,198.2,198.2,2,2.0,99.1,6.0,198.2,198.2,0.0,1.0,0.0,0.0,3.0,3.0,0.0,0.0,0.0,1.0,0.0,0.0,0.0,1.0,0.0,0.0,0.0,0.0,0.0,0.0,0.0,1.0,0.0,1
C45599,1,2379.75,2379.75,5,5.0,475.95,8.0,2379.75,2379.75,1.0,0.0,0.0,1.0,2.0,3.0,0.0,0.0,0.0,0.0,0.0,1.0,0.0,0.0,1.0,0.0,0.0,0.0,0.0,1.0,0.0,0.0,0.0,0
C45671,1,1314.96,1314.96,2,2.0,657.48,5.0,1314.96,1314.96,1.0,0.0,0.0,0.0,3.0,4.0,0.0,0.0,0.0,0.0,0.0,0.0,1.0,0.0,0.0,0.0,0.0,1.0,0.0,0.0,0.0,0.0,1.0,1
C45862,1,176.1,176.1,1,1.0,176.1,1.0,176.1,176.1,1.0,0.0,0.0,0.0,7.0,5.0,1.0,0.0,0.0,0.0,0.0,0.0,0.0,0.0,1.0,0.0,0.0,0.0,0.0,0.0,0.0,1.0,0.0,1
C45899,1,1285.96,1285.96,2,2.0,642.98,7.0,1285.96,1285.96,1.0,0.0,0.0,1.0,12.0,5.0,0.0,0.0,0.0,1.0,0.0,0.0,0.0,0.0,0.0,1.0,0.0,0.0,1.0,0.0,0.0,0.0,0.0,1
C46015,1,1812.3,1812.3,5,5.0,362.46,6.0,1812.3,1812.3,1.0,1.0,0.0,0.0,11.0,0.0,0.0,0.0,1.0,0.0,0.0,0.0,0.0,1.0,0.0,0.0,0.0,0.0,0.0,0.0,0.0,1.0,0.0,0
C46210,1,1286.64,1286.64,3,3.0,428.88,3.0,1286.64,1286.64,1.0,0.0,0.0,0.0,9.0,1.0,0.0,0.0,1.0,0.0,0.0,0.0,0.0,0.0,0.0,1.0,0.0,0.0,0.0,1.0,0.0,0.0,0.0,1
C46316,1,930.36,930.36,2,2.0,465.18,2.0,930.36,930.36,1.0,0.0,1.0,0.0,5.0,1.0,0.0,0.0,1.0,0.0,0.0,0.0,0.0,0.0,1.0,0.0,0.0,0.0,0.0,0.0,1.0,0.0,0.0,1
C46504,1,745.84,745.84,2,2.0,372.92,7.0,745.84,745.84,1.0,1.0,0.0,0.0,2.0,1.0,0.0,0.0,0.0,0.0,0.0,0.0,1.0,0.0,1.0,0.0,0.0,0.0,1.0,0.0,0.0,0.0,0.0,1
C46509,1,1174.98,1174.98,2,2.0,587.49,6.0,1174.98,1174.98,1.0,0.0,0.0,1.0,2.0,1.0,1.0,0.0,0.0,0.0,0.0,0.0,0.0,0.0,0.0,0.0,1.0,0.0,0.0,0.0,0.0,0.0,1.0,1
C46557,1,237.18,237.18,2,2.0,118.59,2.0,237.18,237.18,0.0,1.0,0.0,0.0,3.0,0.0,0.0,1.0,0.0,0.0,0.0,0.0,0.0,0.0,1.0,0.0,0.0,0.0,1.0,0.0,0.0,0.0,0.0,1
C46651,2,1360.8899999999999,680.4449999999999,5,2.5,239.025,5.0,1214.37,146.52,1.0,0.0,0.0,0.0,5.5,1.5,0.5,0.0,0.0,0.5,0.0,0.0,0.0,1.0,0.0,0.0,0.0,0.0,0.0,0.5,0.0,0.5,0.0,1
C46873,1,1965.16,1965.16,4,4.0,491.29,6.0,1965.16,1965.16,0.0,0.0,0.0,0.0,9.0,4.0,0.0,1.0,0.0,0.0,0.0,0.0,0.0,0.0,0.0,1.0,0.0,0.0,1.0,0.0,0.0,0.0,0.0,0
C46877,1,210.7,210.7,1,1.0,210.7,2.0,210.7,210.7,1.0,0.0,0.0,0.0,2.0,6.0,0.0,0.0,1.0,0.0,0.0,0.0,0.0,0.0,0.0,0.0,0.0,1.0,0.0,0.0,0.0,0.0,1.0,1
C46886,1,1849.17,1849.17,3,3.0,616.39,6.0,1849.17,1849.17,1.0,0.0,0.0,0.0,6.0,6.0,0.0,1.0,0.0,0.0,0.0,0.0,0.0,0.0,1.0,0.0,0.0,0.0,0.0,0.0,0.0,1.0,0.0,0
C46920,1,1362.12,1362.12,2,2.0,681.06,3.0,1362.12,1362.12,1.0,0.0,0.0,0.0,1.0,6.0,0.0,0.0,1.0,0.0,0.0,0.0,0.0,0.0,0.0,1.0,0.0,0.0,0.0,1.0,0.0,0.0,0.0,1
C46967,1,1026.84,1026.84,2,2.0,513.42,5.0,1026.84,1026.84,1.0,0.0,0.0,0.0,12.0,5.0,0.0,0.0,0.0,0.0,0.0,0.0,1.0,0.0,0.0,0.0,0.0,1.0,0.0,0.0,0.0,1.0,0.0,1
C47022,1,500.97,500.97,3,3.0,166.99,8.0,500.97,500.97,0.0,0.0,0.0,1.0,4.0,6.0,0.0,0.0,0.0,1.0,0.0,0.0,0.0,1.0,0.0,0.0,0.0,0.0,0.0,1.0,0.0,0.0,0.0,1
C47086,1,609.16,609.16,4,4.0,152.29,6.0,609.16,609.16,1.0,0.0,1.0,0.0,8.0,2.0,0.0,0.0,0.0,0.0,1.0,0.0,0.0,0.0,0.0,1.0,0.0,0.0,0.0,0.0,1.0,0.0,0.0,1
C47283,1,263.96,263.96,1,1.0,263.96,2.0,263.96,263.96,1.0,0.0,0.0,1.0,5.0,0.0,0.0,0.0,0.0,1.0,0.0,0.0,0.0,0.0,0.0,0.0,1.0,0.0,0.0,0.0,1.0,0.0,0.0,1
C47284,1,893.01,893.01,3,3.0,297.67,6.0,893.01,893.01,0.0,0.0,0.0,0.0,9.0,5.0,0.0,0.0,0.0,0.0,1.0,0.0,0.0,0.0,0.0,0.0,0.0,1.0,0.0,0.0,1.0,0.0,0.0,1
C47307,1,1202.86,1202.86,2,2.0,601.43,5.0,1202.86,1202.86,1.0,0.0,0.0,0.0,11.0,3.0,1.0,0.0,0.0,0.0,0.0,0.0,0.0,0.0,0.0,0.0,0.0,1.0,0.0,0.0,0.0,1.0,0.0,1
C47365,1,82.0,82.0,2,2.0,41.0,7.0,82.0,82.0,0.0,1.0,0.0,0.0,5.0,5.0,0.0,0.0,1.0,0.0,0.0,0.0,0.0,0.0,0.0,0.0,0.0,1.0,1.0,0.0,0.0,0.0,0.0,1
C47486,1,320.92,320.92,1,1.0,320.92,5.0,320.92,320.92,1.0,0.0,0.0,1.0,12.0,2.0,1.0,0.0,0.0,0.0,0.0,0.0,0.0,0.0,0.0,0.0,0.0,1.0,0.0,1.0,0.0,0.0,0.0,1
C47761,1,1165.4,1165.4,4,4.0,291.35,6.0,1165.4,1165.4,1.0,0.0,1.0,0.0,3.0,6.0,0.0,0.0,0.0,0.0,0.0,1.0,0.0,0.0,1.0,0.0,0.0,0.0,0.0,1.0,0.0,0.0,0.0,0
C47778,1,3334.0,3334.0,5,5.0,666.8,7.0,3334.0,3334.0,1.0,1.0,0.0,0.0,10.0,0.0,0.0,0.0,0.0,0.0,0.0,1.0,0.0,0.0,0.0,1.0,0.0,0.0,0.0,0.0,0.0,0.0,1.0,0
C47823,1,956.72,956.72,2,2.0,478.36,3.0,956.72,956.72,0.0,0.0,0.0,0.0,12.0,1.0,0.0,0.0,0.0,0.0,1.0,0.0,0.0,0.0,0.0,0.0,0.0,1.0,0.0,0.0,1.0,0.0,0.0,1
C48120,1,280.25,280.25,1,1.0,280.25,5.0,280.25,280.25,1.0,0.0,0.0,0.0,3.0,3.0,1.0,0.0,0.0,0.0,0.0,0.0,0.0,0.0,0.0,0.0,0.0,1.0,1.0,0.0,0.0,0.0,0.0,1
C48176,1,1736.92,1736.92,4,4.0,434.23,8.0,1736.92,1736.92,1.0,0.0,0.0,0.0,11.0,0.0,0.0,0.0,0.0,0.0,0.0,1.0,0.0,0.0,0.0,0.0,0.0,1.0,1.0,0.0,0.0,0.0,0.0,0
C48207,1,833.62,833.62,2,2.0,416.81,2.0,833.62,833.62,0.0,0.0,0.0,1.0,4.0,6.0,0.0,0.0,0.0,0.0,0.0,1.0,0.0,1.0,0.0,0.0,0.0,0.0,0.0,1.0,0.0,0.0,0.0,1
C48453,1,3194.0,3194.0,5,5.0,638.8,10.0,3194.0,3194.0,1.0,0.0,1.0,0.0,6.0,2.0,0.0,1.0,0.0,0.0,0.0,0.0,0.0,0.0,0.0,1.0,0.0,0.0,0.0,0.0,0.0,0.0,1.0,0
C48510,1,1042.8,1042.8,2,2.0,521.4,7.0,1042.8,1042.8,1.0,1.0,0.0,0.0,4.0,2.0,0.0,0.0,1.0,0.0,0.0,0.0,0.0,1.0,0.0,0.0,0.0,0.0,0.0,0.0,0.0,1.0,0.0,1
C48531,1,30.54,30.54,1,1.0,30.54,1.0,30.54,30.54,0.0,0.0,0.0,1.0,12.0,5.0,0.0,0.0,0.0,0.0,0.0,0.0,1.0,0.0,0.0,1.0,0.0,0.0,0.0,0.0,1.0,0.0,0.0,1
C48577,1,1640.84,1640.84,4,4.0,410.21,5.0,1640.84,1640.84,1.0,0.0,0.0,0.0,7.0,0.0,0.0,0.0,0.0,0.0,0.0,1.0,0.0,1.0,0.0,0.0,0.0,0.0,0.0,0.0,0.0,1.0,0.0,0
C48601,1,414.47,414.47,1,1.0,414.47,3.0,414.47,414.47,1.0,0.0,0.0,1.0,5.0,5.0,0.0,0.0,0.0,0.0,0.0,1.0,0.0,0.0,0.0,1.0,0.0,0.0,0.0,0.0,0.0,1.0,0.0,1
C48646,1,1159.1,1159.1,5,5.0,231.82,6.0,1159.1,1159.1,1.0,1.0,0.0,0.0,6.0,4.0,0.0,0.0,0.0,0.0,1.0,0.0,0.0,0.0,0.0,1.0,0.0,0.0,0.0,1.0,0.0,0.0,0.0,0
C48649,1,204.36,204.36,3,3.0,68.12,3.0,204.36,204.36,1.0,0.0,1.0,0.0,7.0,2.0,0.0,0.0,0.0,1.0,0.0,0.0,0.0,0.0,0.0,0.0,0.0,1.0,1.0,0.0,0.0,0.0,0.0,1
C48713,1,159.8,159.8,5,5.0,31.96,5.0,159.8,159.8,1.0,0.0,0.0,1.0,3.0,6.0,0.0,0.0,0.0,0.0,0.0,1.0,0.0,0.0,1.0,0.0,0.0,0.0,0.0,0.0,0.0,0.0,1.0,1
C48790,1,107.7,107.7,5,5.0,21.54,10.0,107.7,107.7,0.0,0.0,0.0,1.0,7.0,0.0,0.0,0.0,1.0,0.0,0.0,0.0,0.0,0.0,0.0,0.0,1.0,0.0,0.0,0.0,1.0,0.0,0.0,1
C48846,1,904.1,904.1,2,2.0,452.05,3.0,904.1,904.1,1.0,0.0,0.0,1.0,5.0,5.0,0.0,0.0,0.0,0.0,0.0,1.0,0.0,0.0,1.0,0.0,0.0,0.0,1.0,0.0,0.0,0.0,0.0,1
C48939,1,2147.25,2147.25,5,5.0,429.45,5.0,2147.25,2147.25,1.0,0.0,1.0,0.0,7.0,2.0,0.0,0.0,0.0,0.0,0.0,1.0,0.0,0.0,0.0,0.0,1.0,0.0,1.0,0.0,0.0,0.0,0.0,0
C48942,1,2654.68,2654.68,4,4.0,663.67,7.0,2654.68,2654.68,1.0,0.0,0.0,0.0,11.0,5.0,0.0,0.0,0.0,0.0,0.0,0.0,1.0,0.0,1.0,0.0,0.0,0.0,0.0,0.0,1.0,0.0,0.0,0
C48946,1,309.85,309.85,5,5.0,61.97,6.0,309.85,309.85,1.0,1.0,0.0,0.0,5.0,4.0,0.0,0.0,1.0,0.0,0.0,0.0,0.0,1.0,0.0,0.0,0.0,0.0,1.0,0.0,0.0,0.0,0.0,1
C48965,1,299.35,299.35,1,1.0,299.35,5.0,299.35,299.35,1.0,0.0,1.0,0.0,10.0,1.0,0.0,0.0,0.0,0.0,0.0,1.0,0.0,0.0,1.0,0.0,0.0,0.0,1.0,0.0,0.0,0.0,0.0,1
C49009,1,537.4,537.4,5,5.0,107.48,9.0,537.4,537.4,1.0,0.0,1.0,0.0,1.0,2.0,0.0,0.0,0.0,0.0,0.0,1.0,0.0,0.0,0.0,1.0,0.0,0.0,1.0,0.0,0.0,0.0,0.0,1
C49111,1,1510.17,1510.17,3,3.0,503.39,5.0,1510.17,1510.17,0.0,0.0,0.0,0.0,2.0,3.0,0.0,0.0,0.0,1.0,0.0,0.0,0.0,0.0,0.0,0.0,0.0,1.0,0.0,1.0,0.0,0.0,0.0,0
C49137,1,598.46,598.46,2,2.0,299.23,2.0,598.46,598.46,1.0,0.0,1.0,0.0,6.0,5.0,0.0,1.0,0.0,0.0,0.0,0.0,0.0,0.0,1.0,0.0,0.0,0.0,0.0,0.0,0.0,1.0,0.0,1
C49187,1,535.5,535.5,1,1.0,535.5,5.0,535.5,535.5,1.0,0.0,1.0,0.0,3.0,2.0,0.0,0.0,0.0,0.0,0.0,0.0,1.0,0.0,0.0,0.0,1.0,0.0,0.0,0.0,0.0,0.0,1.0,1
C49198,1,1940.37,1940.37,3,3.0,646.79,5.0,1940.37,1940.37,1.0,0.0,1.0,0.0,8.0,3.0,0.0,0.0,0.0,1.0,0.0,0.0,0.0,1.0,0.0,0.0,0.0,0.0,0.0,0.0,1.0,0.0,0.0,0
C49282,1,253.7,253.7,5,5.0,50.74,7.0,253.7,253.7,1.0,0.0,1.0,0.0,6.0,3.0,1.0,0.0,0.0,0.0,0.0,0.0,0.0,0.0,0.0,0.0,1.0,0.0,0.0,0.0,1.0,0.0,0.0,1
C49491,1,114.7,114.7,5,5.0,22.94,10.0,114.7,114.7,0.0,0.0,0.0,0.0,4.0,2.0,1.0,0.0,0.0,0.0,0.0,0.0,0.0,1.0,0.0,0.0,0.0,0.0,1.0,0.0,0.0,0.0,0.0,1
C49517,1,594.96,594.96,1,1.0,594.96,6.0,594.96,594.96,0.0,0.0,0.0,1.0,1.0,5.0,0.0,0.0,0.0,0.0,0.0,1.0,0.0,1.0,0.0,0.0,0.0,0.0,0.0,1.0,0.0,0.0,0.0,1
C49605,1,457.82,457.82,2,2.0,228.91,4.0,457.82,457.82,1.0,0.0,0.0,0.0,5.0,4.0,0.0,0.0,0.0,1.0,0.0,0.0,0.0,0.0,0.0,1.0,0.0,0.0,0.0,0.0,0.0,0.0,1.0,1
C49710,1,1637.12,1637.12,4,4.0,409.28,8.0,1637.12,1637.12,0.0,0.0,0.0,0.0,1.0,5.0,1.0,0.0,0.0,0.0,0.0,0.0,0.0,1.0,0.0,0.0,0.0,0.0,1.0,0.0,0.0,0.0,0.0,0
C49720,1,391.83,391.83,3,3.0,130.61,4.0,391.83,391.83,1.0,0.0,1.0,0.0,6.0,2.0,0.0,0.0,0.0,0.0,0.0,1.0,0.0,0.0,0.0,1.0,0.0,0.0,0.0,1.0,0.0,0.0,0.0,1
C49726,1,17.98,17.98,1,1.0,17.98,6.0,17.98,17.98,1.0,0.0,1.0,0.0,11.0,1.0,0.0,0.0,0.0,0.0,0.0,0.0,1.0,1.0,0.0,0.0,0.0,0.0,1.0,0.0,0.0,0.0,0.0,1
C49831,1,1474.29,1474.29,3,3.0,491.43,6.0,1474.29,1474.29,1.0,0.0,0.0,0.0,11.0,3.0,0.0,1.0,0.0,0.0,0.0,0.0,0.0,0.0,0.0,0.0,1.0,0.0,0.0,0.0,0.0,1.0,0.0,0
C49838,1,1105.66,1105.66,2,2.0,552.83,3.0,1105.66,1105.66,0.0,0.0,1.0,0.0,6.0,0.0,0.0,0.0,0.0,0.0,0.0,1.0,0.0,0.0,1.0,0.0,0.0,0.0,0.0,0.0,0.0,0.0,1.0,1
C49938,1,62.12,62.12,1,1.0,62.12,2.0,62.12,62.12,0.0,0.0,0.0,1.0,9.0,1.0,0.0,0.0,0.0,1.0,0.0,0.0,0.0,1.0,0.0,0.0,0.0,0.0,1.0,0.0,0.0,0.0,0.0,1
C49995,1,984.44,984.44,4,4.0,246.11,4.0,984.44,984.44,1.0,0.0,0.0,0.0,3.0,3.0,0.0,0.0,1.0,0.0,0.0,0.0,0.0,0.0,1.0,0.0,0.0,0.0,0.0,0.0,0.0,1.0,0.0,1
C50087,1,366.33,366.33,3,3.0,122.11,4.0,366.33,366.33,1.0,1.0,0.0,0.0,10.0,0.0,1.0,0.0,0.0,0.0,0.0,0.0,0.0,0.0,0.0,0.0,0.0,1.0,1.0,0.0,0.0,0.0,0.0,1
C50097,1,2339.05,2339.05,5,5.0,467.81,10.0,2339.05,2339.05,0.0,0.0,1.0,0.0,7.0,0.0,1.0,0.0,0.0,0.0,0.0,0.0,0.0,0.0,0.0,0.0,0.0,1.0,0.0,1.0,0.0,0.0,0.0,0
C50114,1,98.16,98.16,2,2.0,49.08,7.0,98.16,98.16,1.0,0.0,0.0,1.0,3.0,6.0,0.0,0.0,0.0,1.0,0.0,0.0,0.0,0.0,0.0,1.0,0.0,0.0,0.0,0.0,0.0,1.0,0.0,1
C50121,1,583.18,583.18,1,1.0,583.18,5.0,583.18,583.18,0.0,0.0,0.0,1.0,5.0,4.0,0.0,0.0,0.0,0.0,1.0,0.0,0.0,0.0,1.0,0.0,0.0,0.0,0.0,0.0,1.0,0.0,0.0,1
C50137,1,59.19,59.19,3,3.0,19.73,3.0,59.19,59.19,0.0,0.0,0.0,0.0,7.0,4.0,0.0,0.0,0.0,0.0,1.0,0.0,0.0,0.0,0.0,0.0,0.0,1.0,0.0,0.0,0.0,0.0,1.0,1
C50159,1,667.02,667.02,3,3.0,222.34,5.0,667.02,667.02,1.0,0.0,0.0,1.0,11.0,0.0,0.0,0.0,0.0,0.0,0.0,1.0,0.0,0.0,1.0,0.0,0.0,0.0,1.0,0.0,0.0,0.0,0.0,1
C50211,1,53.0,53.0,2,2.0,26.5,3.0,53.0,53.0,1.0,1.0,0.0,0.0,4.0,0.0,0.0,0.0,0.0,0.0,0.0,0.0,1.0,0.0,0.0,0.0,0.0,1.0,0.0,0.0,0.0,1.0,0.0,1
C50236,1,2463.32,2463.32,4,4.0,615.83,4.0,2463.32,2463.32,1.0,0.0,0.0,1.0,5.0,6.0,0.0,1.0,0.0,0.0,0.0,0.0,0.0,0.0,0.0,0.0,0.0,1.0,0.0,0.0,0.0,1.0,0.0,0
C50274,1,1528.26,1528.26,3,3.0,509.42,5.0,1528.26,1528.26,1.0,0.0,1.0,0.0,7.0,6.0,0.0,0.0,0.0,1.0,0.0,0.0,0.0,0.0,1.0,0.0,0.0,0.0,0.0,0.0,1.0,0.0,0.0,0
C50275,1,269.65,269.65,5,5.0,53.93,7.0,269.65,269.65,1.0,0.0,0.0,0.0,9.0,2.0,0.0,0.0,0.0,0.0,1.0,0.0,0.0,0.0,0.0,0.0,1.0,0.0,0.0,0.0,0.0,1.0,0.0,1
C50304,1,930.3,930.3,2,2.0,465.15,2.0,930.3,930.3,1.0,0.0,0.0,0.0,12.0,5.0,0.0,0.0,0.0,1.0,0.0,0.0,0.0,0.0,0.0,0.0,0.0,1.0,0.0,1.0,0.0,0.0,0.0,1
C50415,1,2830.35,2830.35,5,5.0,566.07,6.0,2830.35,2830.35,1.0,1.0,0.0,0.0,10.0,3.0,0.0,0.0,0.0,1.0,0.0,0.0,0.0,0.0,1.0,0.0,0.0,0.0,0.0,0.0,0.0,1.0,0.0,0
C50422,1,1129.16,1129.16,2,2.0,564.58,4.0,1129.16,1129.16,1.0,0.0,0.0,1.0,2.0,4.0,0.0,0.0,0.0,1.0,0.0,0.0,0.0,0.0,0.0,0.0,0.0,1.0,0.0,1.0,0.0,0.0,0.0,1
C50565,1,411.34,411.34,1,1.0,411.34,5.0,411.34,411.34,0.0,0.0,0.0,1.0,9.0,1.0,0.0,0.0,0.0,0.0,0.0,0.0,1.0,0.0,0.0,1.0,0.0,0.0,0.0,0.0,0.0,1.0,0.0,1
C50612,1,226.64,226.64,4,4.0,56.66,4.0,226.64,226.64,1.0,1.0,0.0,0.0,1.0,4.0,1.0,0.0,0.0,0.0,0.0,0.0,0.0,0.0,0.0,0.0,0.0,1.0,0.0,0.0,0.0,1.0,0.0,1
C50682,1,501.96,501.96,2,2.0,250.98,5.0,501.96,501.96,0.0,1.0,0.0,0.0,11.0,1.0,0.0,0.0,0.0,1.0,0.0,0.0,0.0,0.0,1.0,0.0,0.0,0.0,0.0,0.0,1.0,0.0,0.0,1
C50683,1,576.42,576.42,2,2.0,288.21,5.0,576.42,576.42,0.0,0.0,1.0,0.0,10.0,6.0,1.0,0.0,0.0,0.0,0.0,0.0,0.0,0.0,0.0,1.0,0.0,0.0,1.0,0.0,0.0,0.0,0.0,1
C50732,1,590.04,590.04,4,4.0,147.51,4.0,590.04,590.04,1.0,0.0,0.0,0.0,12.0,2.0,1.0,0.0,0.0,0.0,0.0,0.0,0.0,0.0,0.0,1.0,0.0,0.0,0.0,0.0,0.0,1.0,0.0,1
C50967,1,364.8,364.8,2,2.0,182.4,5.0,364.8,364.8,1.0,0.0,1.0,0.0,2.0,5.0,0.0,0.0,0.0,0.0,1.0,0.0,0.0,0.0,0.0,0.0,1.0,0.0,0.0,0.0,0.0,0.0,1.0,1
C51024,1,489.8,489.8,1,1.0,489.8,4.0,489.8,489.8,1.0,0.0,0.0,0.0,8.0,2.0,0.0,0.0,0.0,1.0,0.0,0.0,0.0,0.0,0.0,0.0,1.0,0.0,0.0,1.0,0.0,0.0,0.0,1
C51145,1,2403.24,2403.24,4,4.0,600.81,9.0,2403.24,2403.24,1.0,1.0,0.0,0.0,4.0,1.0,0.0,0.0,0.0,0.0,0.0,1.0,0.0,0.0,0.0,1.0,0.0,0.0,1.0,0.0,0.0,0.0,0.0,0
C51157,1,1778.61,1778.61,3,3.0,592.87,3.0,1778.61,1778.61,1.0,0.0,0.0,0.0,9.0,6.0,0.0,1.0,0.0,0.0,0.0,0.0,0.0,0.0,0.0,0.0,1.0,0.0,0.0,0.0,0.0,0.0,1.0,0
C51404,1,378.12,378.12,2,2.0,189.06,7.0,378.12,378.12,1.0,0.0,0.0,0.0,1.0,3.0,0.0,0.0,0.0,1.0,0.0,0.0,0.0,0.0,0.0,0.0,1.0,0.0,0.0,1.0,0.0,0.0,0.0,1
C51481,1,1244.2,1244.2,5,5.0,248.84,10.0,1244.2,1244.2,0.0,0.0,1.0,0.0,6.0,4.0,0.0,0.0,0.0,1.0,0.0,0.0,0.0,0.0,0.0,1.0,0.0,0.0,0.0,0.0,0.0,1.0,0.0,0
C51494,1,977.74,977.74,2,2.0,488.87,4.0,977.74,977.74,1.0,0.0,1.0,0.0,3.0,5.0,0.0,0.0,1.0,0.0,0.0,0.0,0.0,0.0,0.0,0.0,0.0,1.0,0.0,0.0,1.0,0.0,0.0,1
C51694,1,1361.7,1361.7,2,2.0,680.85,6.0,1361.7,1361.7,1.0,1.0,0.0,0.0,8.0,6.0,1.0,0.0,0.0,0.0,0.0,0.0,0.0,0.0,0.0,0.0,1.0,0.0,0.0,0.0,0.0,0.0,1.0,0
C51811,1,1335.36,1335.36,3,3.0,445.12,8.0,1335.36,1335.36,0.0,0.0,1.0,0.0,6.0,4.0,1.0,0.0,0.0,0.0,0.0,0.0,0.0,0.0,0.0,0.0,1.0,0.0,0.0,0.0,1.0,0.0,0.0,0
C51898,1,898.44,898.44,4,4.0,224.61,6.0,898.44,898.44,1.0,0.0,0.0,1.0,1.0,1.0,0.0,0.0,0.0,0.0,0.0,1.0,0.0,0.0,1.0,0.0,0.0,0.0,0.0,1.0,0.0,0.0,0.0,1
C51921,1,1318.59,1318.59,3,3.0,439.53,5.0,1318.59,1318.59,0.0,0.0,0.0,0.0,8.0,4.0,0.0,0.0,1.0,0.0,0.0,0.0,0.0,0.0,0.0,1.0,0.0,0.0,0.0,0.0,1.0,0.0,0.0,1
C52184,1,162.77,162.77,1,1.0,162.77,4.0,162.77,162.77,1.0,0.0,1.0,0.0,6.0,0.0,1.0,0.0,0.0,0.0,0.0,0.0,0.0,0.0,0.0,0.0,0.0,1.0,0.0,1.0,0.0,0.0,0.0,1
C52313,1,836.52,836.52,2,2.0,418.26,2.0,836.52,836.52,1.0,0.0,0.0,0.0,11.0,6.0,0.0,0.0,0.0,0.0,1.0,0.0,0.0,0.0,0.0,1.0,0.0,0.0,0.0,0.0,1.0,0.0,0.0,1
C52342,1,369.15,369.15,5,5.0,73.83,9.0,369.15,369.15,0.0,0.0,0.0,0.0,2.0,4.0,0.0,0.0,1.0,0.0,0.0,0.0,0.0,0.0,0.0,1.0,0.0,0.0,0.0,0.0,0.0,1.0,0.0,1
C52604,1,506.5,506.5,5,5.0,101.3,7.0,506.5,506.5,1.0,0.0,0.0,0.0,11.0,5.0,0.0,0.0,0.0,0.0,0.0,1.0,0.0,0.0,0.0,0.0,0.0,1.0,1.0,0.0,0.0,0.0,0.0,1
C52717,1,2756.35,2756.35,5,5.0,551.27,7.0,2756.35,2756.35,1.0,0.0,1.0,0.0,4.0,5.0,0.0,1.0,0.0,0.0,0.0,0.0,0.0,0.0,0.0,0.0,0.0,1.0,0.0,0.0,0.0,0.0,1.0,0
C52751,1,1055.72,1055.72,4,4.0,263.93,4.0,1055.72,1055.72,1.0,0.0,0.0,0.0,10.0,4.0,0.0,0.0,1.0,0.0,0.0,0.0,0.0,0.0,0.0,1.0,0.0,0.0,0.0,1.0,0.0,0.0,0.0,1
C52879,1,3194.6,3194.6,5,5.0,638.92,5.0,3194.6,3194.6,1.0,0.0,0.0,1.0,5.0,1.0,0.0,0.0,0.0,0.0,0.0,0.0,1.0,0.0,1.0,0.0,0.0,0.0,0.0,0.0,1.0,0.0,0.0,0
C52914,1,839.96,839.96,4,4.0,209.99,8.0,839.96,839.96,0.0,1.0,0.0,0.0,3.0,6.0,0.0,1.0,0.0,0.0,0.0,0.0,0.0,1.0,0.0,0.0,0.0,0.0,0.0,0.0,1.0,0.0,0.0,1
C52915,1,657.08,657.08,2,2.0,328.54,6.0,657.08,657.08,1.0,0.0,0.0,1.0,12.0,2.0,0.0,0.0,0.0,0.0,0.0,1.0,0.0,0.0,0.0,0.0,1.0,0.0,1.0,0.0,0.0,0.0,0.0,1
C53049,1,1126.12,1126.12,2,2.0,563.06,6.0,1126.12,1126.12,0.0,0.0,0.0,1.0,12.0,5.0,0.0,0.0,1.0,0.0,0.0,0.0,0.0,1.0,0.0,0.0,0.0,0.0,0.0,0.0,0.0,1.0,0.0,1
C53070,1,2048.24,2048.24,4,4.0,512.06,5.0,2048.24,2048.24,1.0,1.0,0.0,0.0,4.0,3.0,1.0,0.0,0.0,0.0,0.0,0.0,0.0,0.0,0.0,0.0,0.0,1.0,0.0,0.0,1.0,0.0,0.0,0
C53215,1,265.38,265.38,1,1.0,265.38,6.0,265.38,265.38,1.0,0.0,1.0,0.0,6.0,1.0,0.0,0.0,0.0,1.0,0.0,0.0,0.0,0.0,1.0,0.0,0.0,0.0,1.0,0.0,0.0,0.0,0.0,1
C53252,1,570.32,570.32,4,4.0,142.58,4.0,570.32,570.32,1.0,1.0,0.0,0.0,5.0,6.0,0.0,0.0,0.0,0.0,0.0,1.0,0.0,1.0,0.0,0.0,0.0,0.0,0.0,1.0,0.0,0.0,0.0,1
C53277,1,1595.16,1595.16,3,3.0,531.72,7.0,1595.16,1595.16,1.0,1.0,0.0,0.0,2.0,1.0,0.0,1.0,0.0,0.0,0.0,0.0,0.0,0.0,0.0,0.0,1.0,0.0,0.0,0.0,1.0,0.0,0.0,0
C53334,1,1496.04,1496.04,3,3.0,498.68,4.0,1496.04,1496.04,1.0,0.0,0.0,1.0,8.0,6.0,1.0,0.0,0.0,0.0,0.0,0.0,0.0,0.0,0.0,0.0,0.0,1.0,1.0,0.0,0.0,0.0,0.0,0
C53464,1,3299.25,3299.25,5,5.0,659.85,9.0,3299.25,3299.25,1.0,1.0,0.0,0.0,6.0,5.0,0.0,0.0,0.0,0.0,0.0,1.0,0.0,0.0,1.0,0.0,0.0,0.0,0.0,1.0,0.0,0.0,0.0,0
C53488,1,410.52,410.52,3,3.0,136.84,3.0,410.52,410.52,1.0,1.0,0.0,0.0,5.0,6.0,0.0,1.0,0.0,0.0,0.0,0.0,0.0,1.0,0.0,0.0,0.0,0.0,0.0,1.0,0.0,0.0,0.0,1
C53501,1,249.57,249.57,1,1.0,249.57,3.0,249.57,249.57,1.0,0.0,0.0,0.0,6.0,5.0,0.0,0.0,0.0,1.0,0.0,0.0,0.0,1.0,0.0,0.0,0.0,0.0,0.0,0.0,1.0,0.0,0.0,1
C53545,1,1084.17,1084.17,3,3.0,361.39,8.0,1084.17,1084.17,0.0,0.0,0.0,0.0,6.0,3.0,0.0,1.0,0.0,0.0,0.0,0.0,0.0,0.0,1.0,0.0,0.0,0.0,0.0,0.0,0.0,0.0,1.0,1
C53627,1,1527.45,1527.45,5,5.0,305.49,10.0,1527.45,1527.45,0.0,0.0,0.0,0.0,11.0,2.0,0.0,0.0,0.0,0.0,1.0,0.0,0.0,0.0,0.0,1.0,0.0,0.0,0.0,0.0,0.0,0.0,1.0,0
C53631,1,595.89,595.89,3,3.0,198.63,8.0,595.89,595.89,1.0,0.0,0.0,0.0,6.0,2.0,0.0,0.0,0.0,1.0,0.0,0.0,0.0,1.0,0.0,0.0,0.0,0.0,0.0,0.0,0.0,1.0,0.0,1
C53645,1,1450.59,1450.59,3,3.0,483.53,4.0,1450.59,1450.59,0.0,0.0,0.0,1.0,2.0,4.0,1.0,0.0,0.0,0.0,0.0,0.0,0.0,1.0,0.0,0.0,0.0,0.0,0.0,0.0,0.0,0.0,1.0,0
C53697,1,827.36,827.36,4,4.0,206.84,5.0,827.36,827.36,1.0,0.0,1.0,0.0,6.0,1.0,0.0,0.0,0.0,1.0,0.0,0.0,0.0,1.0,0.0,0.0,0.0,0.0,0.0,0.0,0.0,1.0,0.0,1
C53810,1,2358.28,2358.28,4,4.0,589.57,8.0,2358.28,2358.28,0.0,0.0,0.0,0.0,6.0,3.0,0.0,0.0,0.0,0.0,1.0,0.0,0.0,1.0,0.0,0.0,0.0,0.0,0.0,0.0,0.0,1.0,0.0,0
C54160,1,1010.13,1010.13,3,3.0,336.71,4.0,1010.13,1010.13,0.0,0.0,0.0,0.0,6.0,1.0,0.0,1.0,0.0,0.0,0.0,0.0,0.0,0.0,1.0,0.0,0.0,0.0,1.0,0.0,0.0,0.0,0.0,1
C54277,1,519.16,519.16,2,2.0,259.58,7.0,519.16,519.16,1.0,1.0,0.0,0.0,3.0,2.0,0.0,0.0,0.0,0.0,0.0,0.0,1.0,0.0,0.0,1.0,0.0,0.0,0.0,0.0,0.0,1.0,0.0,1
C54298,1,1437.63,1437.63,3,3.0,479.21,5.0,1437.63,1437.63,1.0,0.0,1.0,0.0,5.0,6.0,0.0,0.0,0.0,0.0,0.0,0.0,1.0,1.0,0.0,0.0,0.0,0.0,0.0,0.0,0.0,0.0,1.0,0
C54390,1,580.74,580.74,3,3.0,193.58,7.0,580.74,580.74,1.0,0.0,0.0,0.0,1.0,4.0,0.0,0.0,0.0,0.0,0.0,1.0,0.0,0.0,0.0,0.0,1.0,0.0,1.0,0.0,0.0,0.0,0.0,1
C54409,1,1018.17,1018.17,3,3.0,339.39,7.0,1018.17,1018.17,1.0,0.0,0.0,1.0,4.0,3.0,0.0,1.0,0.0,0.0,0.0,0.0,0.0,1.0,0.0,0.0,0.0,0.0,0.0,0.0,1.0,0.0,0.0,1
C54494,1,352.92,352.92,2,2.0,176.46,2.0,352.92,352.92,1.0,1.0,0.0,0.0,9.0,5.0,0.0,0.0,0.0,0.0,0.0,0.0,1.0,0.0,1.0,0.0,0.0,0.0,1.0,0.0,0.0,0.0,0.0,1
C54499,1,668.48,668.48,1,1.0,668.48,1.0,668.48,668.48,1.0,0.0,0.0,0.0,12.0,6.0,0.0,0.0,0.0,1.0,0.0,0.0,0.0,0.0,0.0,1.0,0.0,0.0,1.0,0.0,0.0,0.0,0.0,1
C54595,1,121.96,121.96,1,1.0,121.96,3.0,121.96,121.96,0.0,1.0,0.0,0.0,3.0,1.0,0.0,0.0,0.0,0.0,1.0,0.0,0.0,0.0,0.0,1.0,0.0,0.0,0.0,0.0,1.0,0.0,0.0,1
C54675,1,1291.7,1291.7,2,2.0,645.85,5.0,1291.7,1291.7,0.0,0.0,0.0,0.0,1.0,6.0,1.0,0.0,0.0,0.0,0.0,0.0,0.0,0.0,0.0,0.0,0.0,1.0,0.0,0.0,0.0,0.0,1.0,1
C54725,1,289.32,289.32,2,2.0,144.66,7.0,289.32,289.32,1.0,0.0,1.0,0.0,5.0,4.0,1.0,0.0,0.0,0.0,0.0,0.0,0.0,0.0,0.0,0.0,0.0,1.0,0.0,0.0,1.0,0.0,0.0,1
C54759,1,109.29,109.29,1,1.0,109.29,5.0,109.29,109.29,1.0,0.0,1.0,0.0,11.0,2.0,0.0,0.0,1.0,0.0,0.0,0.0,0.0,0.0,0.0,1.0,0.0,0.0,0.0,0.0,1.0,0.0,0.0,1
C54829,1,312.55,312.55,5,5.0,62.51,9.0,312.55,312.55,1.0,0.0,0.0,0.0,5.0,0.0,1.0,0.0,0.0,0.0,0.0,0.0,0.0,1.0,0.0,0.0,0.0,0.0,0.0,0.0,0.0,1.0,0.0,1
C54886,1,355.15,355.15,1,1.0,355.15,2.0,355.15,355.15,1.0,0.0,0.0,1.0,6.0,1.0,0.0,0.0,0.0,0.0,1.0,0.0,0.0,1.0,0.0,0.0,0.0,0.0,1.0,0.0,0.0,0.0,0.0,1
C55164,1,1979.64,1979.64,3,3.0,659.88,3.0,1979.64,1979.64,0.0,0.0,1.0,0.0,3.0,3.0,0.0,0.0,0.0,0.0,0.0,0.0,1.0,0.0,0.0,0.0,1.0,0.0,0.0,0.0,1.0,0.0,0.0,0
C55205,1,793.4,793.4,4,4.0,198.35,7.0,793.4,793.4,1.0,0.0,1.0,0.0,4.0,1.0,0.0,0.0,0.0,0.0,0.0,0.0,1.0,1.0,0.0,0.0,0.0,0.0,0.0,0.0,1.0,0.0,0.0,1
C55286,1,2873.95,2873.95,5,5.0,574.79,8.0,2873.95,2873.95,1.0,0.0,0.0,0.0,2.0,2.0,0.0,0.0,0.0,0.0,0.0,0.0,1.0,0.0,1.0,0.0,0.0,0.0,0.0,0.0,0.0,0.0,1.0,0
C55354,1,684.22,684.22,2,2.0,342.11,2.0,684.22,684.22,1.0,0.0,0.0,0.0,8.0,4.0,0.0,1.0,0.0,0.0,0.0,0.0,0.0,0.0,0.0,0.0,1.0,0.0,0.0,0.0,0.0,1.0,0.0,1
C55388,1,1213.86,1213.86,3,3.0,404.62,6.0,1213.86,1213.86,1.0,1.0,0.0,0.0,3.0,0.0,0.0,0.0,0.0,0.0,0.0,0.0,1.0,0.0,0.0,0.0,1.0,0.0,0.0,0.0,0.0,1.0,0.0,1
C55454,1,677.48,677.48,1,1.0,677.48,1.0,677.48,677.48,1.0,1.0,0.0,0.0,5.0,0.0,0.0,0.0,0.0,1.0,0.0,0.0,0.0,0.0,0.0,0.0,0.0,1.0,0.0,1.0,0.0,0.0,0.0,1
C55464,1,601.36,601.36,1,1.0,601.36,1.0,601.36,601.36,0.0,0.0,0.0,0.0,11.0,0.0,0.0,0.0,0.0,0.0,1.0,0.0,0.0,0.0,0.0,0.0,0.0,1.0,0.0,1.0,0.0,0.0,0.0,1
C55590,1,625.51,625.51,1,1.0,625.51,1.0,625.51,625.51,1.0,0.0,0.0,0.0,12.0,3.0,0.0,0.0,0.0,0.0,0.0,1.0,0.0,0.0,1.0,0.0,0.0,0.0,0.0,1.0,0.0,0.0,0.0,1
C55606,1,1102.0,1102.0,4,4.0,275.5,8.0,1102.0,1102.0,1.0,0.0,0.0,0.0,5.0,5.0,0.0,1.0,0.0,0.0,0.0,0.0,0.0,0.0,0.0,0.0,1.0,0.0,0.0,0.0,1.0,0.0,0.0,1
C55632,1,2158.45,2158.45,5,5.0,431.69,10.0,2158.45,2158.45,0.0,0.0,0.0,0.0,8.0,5.0,1.0,0.0,0.0,0.0,0.0,0.0,0.0,0.0,1.0,0.0,0.0,0.0,0.0,1.0,0.0,0.0,0.0,0
C55636,1,1702.4,1702.4,4,4.0,425.6,5.0,1702.4,1702.4,1.0,0.0,0.0,0.0,4.0,4.0,0.0,0.0,0.0,1.0,0.0,0.0,0.0,0.0,1.0,0.0,0.0,0.0,0.0,0.0,1.0,0.0,0.0,0
C55757,1,922.26,922.26,2,2.0,461.13,4.0,922.26,922.26,0.0,0.0,0.0,1.0,9.0,6.0,0.0,0.0,0.0,0.0,0.0,1.0,0.0,0.0,0.0,0.0,1.0,0.0,1.0,0.0,0.0,0.0,0.0,1
C55778,1,551.9,551.9,5,5.0,110.38,10.0,551.9,551.9,0.0,0.0,0.0,0.0,11.0,3.0,0.0,1.0,0.0,0.0,0.0,0.0,0.0,1.0,0.0,0.0,0.0,0.0,0.0,0.0,0.0,0.0,1.0,1
C55819,1,1268.75,1268.75,5,5.0,253.75,9.0,1268.75,1268.75,1.0,0.0,0.0,0.0,9.0,4.0,1.0,0.0,0.0,0.0,0.0,0.0,0.0,0.0,0.0,0.0,0.0,1.0,0.0,0.0,0.0,1.0,0.0,0
C55996,1,2543.45,2543.45,5,5.0,508.69,10.0,2543.45,2543.45,1.0,1.0,0.0,0.0,7.0,4.0,0.0,0.0,0.0,0.0,0.0,1.0,0.0,1.0,0.0,0.0,0.0,0.0,0.0,0.0,1.0,0.0,0.0,0
C56266,1,640.88,640.88,4,4.0,160.22,9.0,640.88,640.88,1.0,0.0,0.0,1.0,9.0,5.0,0.0,1.0,0.0,0.0,0.0,0.0,0.0,0.0,0.0,1.0,0.0,0.0,0.0,0.0,0.0,1.0,0.0,1
C56506,1,773.52,773.52,3,3.0,257.84,4.0,773.52,773.52,0.0,1.0,0.0,0.0,3.0,6.0,0.0,0.0,0.0,0.0,1.0,0.0,0.0,0.0,0.0,0.0,0.0,1.0,0.0,0.0,0.0,1.0,0.0,1
C56553,1,212.43,212.43,3,3.0,70.81,8.0,212.43,212.43,1.0,0.0,0.0,0.0,7.0,0.0,0.0,0.0,0.0,0.0,0.0,0.0,1.0,0.0,1.0,0.0,0.0,0.0,0.0,0.0,0.0,0.0,1.0,1
C56564,1,507.48,507.48,2,2.0,253.74,5.0,507.48,507.48,1.0,0.0,0.0,0.0,3.0,2.0,0.0,0.0,0.0,0.0,1.0,0.0,0.0,0.0,0.0,0.0,0.0,1.0,0.0,0.0,1.0,0.0,0.0,1
C56622,1,1095.34,1095.34,2,2.0,547.67,3.0,1095.34,1095.34,0.0,0.0,0.0,0.0,4.0,1.0,0.0,0.0,0.0,0.0,1.0,0.0,0.0,0.0,0.0,0.0,1.0,0.0,0.0,0.0,0.0,1.0,0.0,1
C56722,1,110.35,110.35,5,5.0,22.07,7.0,110.35,110.35,1.0,0.0,1.0,0.0,4.0,3.0,0.0,0.0,0.0,0.0,0.0,0.0,1.0,0.0,0.0,0.0,0.0,1.0,0.0,0.0,0.0,1.0,0.0,1
C56796,1,678.38,678.38,1,1.0,678.38,4.0,678.38,678.38,1.0,0.0,1.0,0.0,2.0,4.0,0.0,0.0,0.0,0.0,1.0,0.0,0.0,0.0,1.0,0.0,0.0,0.0,0.0,0.0,0.0,0.0,1.0,1
C56851,1,958.15,958.15,5,5.0,191.63,6.0,958.15,958.15,1.0,1.0,0.0,0.0,10.0,1.0,1.0,0.0,0.0,0.0,0.0,0.0,0.0,0.0,0.0,0.0,1.0,0.0,0.0,1.0,0.0,0.0,0.0,1
C56928,1,1435.0,1435.0,4,4.0,358.75,9.0,1435.0,1435.0,1.0,1.0,0.0,0.0,1.0,1.0,0.0,0.0,1.0,0.0,0.0,0.0,0.0,0.0,0.0,0.0,1.0,0.0,0.0,1.0,0.0,0.0,0.0,0
C56938,1,1117.8,1117.8,3,3.0,372.6,7.0,1117.8,1117.8,1.0,1.0,0.0,0.0,6.0,4.0,0.0,0.0,1.0,0.0,0.0,0.0,0.0,0.0,1.0,0.0,0.0,0.0,0.0,0.0,0.0,0.0,1.0,1
C56969,2,193.0,96.5,3,1.5,62.300000000000004,4.0,136.8,56.2,1.0,0.0,0.0,0.0,3.5,2.0,0.0,0.0,0.0,0.0,0.0,0.0,1.0,0.0,0.0,0.5,0.5,0.0,0.5,0.5,0.0,0.0,0.0,1
C57093,1,553.41,553.41,3,3.0,184.47,4.0,553.41,553.41,0.0,0.0,1.0,0.0,2.0,3.0,0.0,0.0,0.0,0.0,0.0,0.0,1.0,0.0,0.0,0.0,0.0,1.0,0.0,0.0,0.0,0.0,1.0,1
C57276,1,3456.4,3456.4,5,5.0,691.28,10.0,3456.4,3456.4,1.0,1.0,0.0,0.0,8.0,3.0,0.0,0.0,0.0,0.0,0.0,0.0,1.0,0.0,0.0,0.0,0.0,1.0,1.0,0.0,0.0,0.0,0.0,0
C57502,1,2242.32,2242.32,4,4.0,560.58,6.0,2242.32,2242.32,1.0,0.0,0.0,1.0,6.0,6.0,0.0,0.0,0.0,0.0,0.0,0.0,1.0,0.0,0.0,0.0,1.0,0.0,0.0,0.0,0.0,0.0,1.0,0
C57601,1,294.6,294.6,4,4.0,73.65,9.0,294.6,294.6,0.0,0.0,0.0,0.0,9.0,0.0,0.0,0.0,0.0,1.0,0.0,0.0,0.0,0.0,0.0,1.0,0.0,0.0,0.0,0.0,1.0,0.0,0.0,1
C57798,1,2308.32,2308.32,4,4.0,577.08,8.0,2308.32,2308.32,0.0,0.0,0.0,0.0,4.0,3.0,0.0,1.0,0.0,0.0,0.0,0.0,0.0,0.0,0.0,0.0,0.0,1.0,0.0,1.0,0.0,0.0,0.0,0
C57861,1,915.48,915.48,3,3.0,305.16,8.0,915.48,915.48,1.0,0.0,1.0,0.0,3.0,4.0,0.0,0.0,0.0,0.0,0.0,1.0,0.0,0.0,1.0,0.0,0.0,0.0,0.0,0.0,0.0,0.0,1.0,1
C57867,1,1543.68,1543.68,4,4.0,385.92,8.0,1543.68,1543.68,0.0,0.0,1.0,0.0,5.0,2.0,1.0,0.0,0.0,0.0,0.0,0.0,0.0,0.0,1.0,0.0,0.0,0.0,0.0,0.0,0.0,1.0,0.0,0
C58063,1,987.26,987.26,2,2.0,493.63,6.0,987.26,987.26,1.0,0.0,0.0,1.0,8.0,6.0,0.0,0.0,0.0,1.0,0.0,0.0,0.0,0.0,0.0,0.0,0.0,1.0,0.0,0.0,0.0,0.0,1.0,1
C58108,1,2517.36,2517.36,4,4.0,629.34,4.0,2517.36,2517.36,1.0,0.0,1.0,0.0,4.0,1.0,0.0,0.0,0.0,0.0,0.0,0.0,1.0,1.0,0.0,0.0,0.0,0.0,0.0,0.0,0.0,1.0,0.0,0
C58156,1,95.1,95.1,1,1.0,95.1,1.0,95.1,95.1,1.0,0.0,0.0,0.0,11.0,4.0,0.0,0.0,0.0,0.0,0.0,1.0,0.0,0.0,0.0,0.0,1.0,0.0,0.0,0.0,0.0,1.0,0.0,1
C58168,1,754.44,754.44,3,3.0,251.48,4.0,754.44,754.44,0.0,0.0,0.0,1.0,5.0,4.0,0.0,0.0,0.0,0.0,1.0,0.0,0.0,0.0,1.0,0.0,0.0,0.0,1.0,0.0,0.0,0.0,0.0,1
C58341,1,639.83,639.83,1,1.0,639.83,2.0,639.83,639.83,1.0,0.0,0.0,0.0,3.0,1.0,0.0,0.0,0.0,0.0,1.0,0.0,0.0,0.0,0.0,1.0,0.0,0.0,0.0,0.0,0.0,0.0,1.0,1
C58410,1,645.46,645.46,1,1.0,645.46,5.0,645.46,645.46,1.0,0.0,1.0,0.0,8.0,4.0,0.0,1.0,0.0,0.0,0.0,0.0,0.0,0.0,0.0,0.0,1.0,0.0,0.0,0.0,1.0,0.0,0.0,1
C58443,1,848.64,848.64,2,2.0,424.32,6.0,848.64,848.64,0.0,0.0,0.0,1.0,9.0,0.0,0.0,0.0,0.0,0.0,0.0,0.0,1.0,0.0,1.0,0.0,0.0,0.0,0.0,0.0,0.0,0.0,1.0,1
C58503,1,1402.6,1402.6,5,5.0,280.52,7.0,1402.6,1402.6,1.0,0.0,1.0,0.0,5.0,1.0,0.0,0.0,0.0,1.0,0.0,0.0,0.0,0.0,1.0,0.0,0.0,0.0,0.0,1.0,0.0,0.0,0.0,0
C58638,1,1531.52,1531.52,4,4.0,382.88,6.0,1531.52,1531.52,1.0,0.0,1.0,0.0,3.0,6.0,0.0,0.0,1.0,0.0,0.0,0.0,0.0,1.0,0.0,0.0,0.0,0.0,1.0,0.0,0.0,0.0,0.0,0
C58721,1,617.58,617.58,3,3.0,205.86,4.0,617.58,617.58,0.0,0.0,0.0,0.0,3.0,0.0,0.0,0.0,0.0,0.0,0.0,0.0,1.0,0.0,0.0,0.0,1.0,0.0,1.0,0.0,0.0,0.0,0.0,1
C58773,1,2567.45,2567.45,5,5.0,513.49,8.0,2567.45,2567.45,0.0,0.0,1.0,0.0,2.0,0.0,0.0,0.0,0.0,0.0,0.0,1.0,0.0,0.0,0.0,0.0,1.0,0.0,0.0,0.0,1.0,0.0,0.0,0
C58808,1,539.66,539.66,2,2.0,269.83,4.0,539.66,539.66,1.0,1.0,0.0,0.0,11.0,4.0,1.0,0.0,0.0,0.0,0.0,0.0,0.0,0.0,0.0,0.0,0.0,1.0,1.0,0.0,0.0,0.0,0.0,1
C58858,1,674.64,674.64,2,2.0,337.32,4.0,674.64,674.64,1.0,0.0,1.0,0.0,12.0,0.0,1.0,0.0,0.0,0.0,0.0,0.0,0.0,0.0,1.0,0.0,0.0,0.0,1.0,0.0,0.0,0.0,0.0,1
C59139,1,458.35,458.35,5,5.0,91.67,9.0,458.35,458.35,1.0,0.0,1.0,0.0,5.0,0.0,0.0,0.0,0.0,0.0,0.0,0.0,1.0,0.0,0.0,0.0,0.0,1.0,1.0,0.0,0.0,0.0,0.0,1
C59169,1,2517.36,2517.36,4,4.0,629.34,7.0,2517.36,2517.36,0.0,0.0,0.0,0.0,7.0,0.0,1.0,0.0,0.0,0.0,0.0,0.0,0.0,1.0,0.0,0.0,0.0,0.0,1.0,0.0,0.0,0.0,0.0,0
C59183,1,3322.55,3322.55,5,5.0,664.51,8.0,3322.55,3322.55,1.0,0.0,0.0,0.0,2.0,1.0,0.0,0.0,0.0,0.0,1.0,0.0,0.0,0.0,0.0,1.0,0.0,0.0,1.0,0.0,0.0,0.0,0.0,0
C59278,1,2360.05,2360.05,5,5.0,472.01,10.0,2360.05,2360.05,1.0,0.0,1.0,0.0,10.0,1.0,0.0,0.0,1.0,0.0,0.0,0.0,0.0,0.0,0.0,0.0,1.0,0.0,1.0,0.0,0.0,0.0,0.0,0
C59337,1,1068.86,1068.86,2,2.0,534.43,5.0,1068.86,1068.86,0.0,0.0,0.0,0.0,5.0,3.0,0.0,0.0,1.0,0.0,0.0,0.0,0.0,0.0,0.0,1.0,0.0,0.0,0.0,1.0,0.0,0.0,0.0,1
C59338,1,2070.9,2070.9,3,3.0,690.3,6.0,2070.9,2070.9,1.0,0.0,0.0,0.0,2.0,6.0,0.0,0.0,0.0,0.0,0.0,1.0,0.0,0.0,1.0,0.0,0.0,0.0,0.0,0.0,1.0,0.0,0.0,0
C59441,1,2092.65,2092.65,5,5.0,418.53,6.0,2092.65,2092.65,1.0,0.0,0.0,0.0,2.0,4.0,0.0,0.0,0.0,1.0,0.0,0.0,0.0,0.0,1.0,0.0,0.0,0.0,0.0,0.0,1.0,0.0,0.0,0
C59554,1,912.08,912.08,2,2.0,456.04,4.0,912.08,912.08,1.0,0.0,0.0,1.0,12.0,0.0,0.0,0.0,0.0,0.0,1.0,0.0,0.0,0.0,0.0,1.0,0.0,0.0,1.0,0.0,0.0,0.0,0.0,1
C59572,1,542.07,542.07,1,1.0,542.07,6.0,542.07,542.07,1.0,0.0,0.0,0.0,3.0,1.0,0.0,0.0,0.0,1.0,0.0,0.0,0.0,1.0,0.0,0.0,0.0,0.0,0.0,0.0,0.0,0.0,1.0,1
C59579,1,897.7,897.7,2,2.0,448.85,6.0,897.7,897.7,0.0,0.0,0.0,0.0,1.0,1.0,0.0,0.0,0.0,0.0,0.0,0.0,1.0,0.0,1.0,0.0,0.0,0.0,0.0,0.0,0.0,1.0,0.0,1
C59685,1,788.32,788.32,2,2.0,394.16,2.0,788.32,788.32,0.0,0.0,0.0,0.0,1.0,3.0,0.0,0.0,0.0,1.0,0.0,0.0,0.0,0.0,0.0,0.0,0.0,1.0,0.0,0.0,0.0,0.0,1.0,1
C59724,1,819.5,819.5,2,2.0,409.75,2.0,819.5,819.5,1.0,0.0,0.0,0.0,12.0,0.0,0.0,0.0,0.0,0.0,0.0,0.0,1.0,0.0,0.0,1.0,0.0,0.0,0.0,1.0,0.0,0.0,0.0,1
C59752,1,1538.8,1538.8,5,5.0,307.76,9.0,1538.8,1538.8,1.0,0.0,0.0,0.0,1.0,3.0,0.0,0.0,0.0,0.0,1.0,0.0,0.0,0.0,0.0,0.0,1.0,0.0,0.0,0.0,1.0,0.0,0.0,0
C59774,1,72.6,72.6,1,1.0,72.6,6.0,72.6,72.6,1.0,0.0,1.0,0.0,4.0,0.0,0.0,0.0,0.0,1.0,0.0,0.0,0.0,0.0,0.0,1.0,0.0,0.0,0.0,0.0,0.0,1.0,0.0,1
C59823,1,640.28,640.28,4,4.0,160.07,5.0,640.28,640.28,0.0,0.0,0.0,0.0,11.0,1.0,0.0,0.0,0.0,0.0,1.0,0.0,0.0,0.0,0.0,0.0,0.0,1.0,1.0,0.0,0.0,0.0,0.0,1
C60029,1,1524.36,1524.36,3,3.0,508.12,8.0,1524.36,1524.36,1.0,0.0,1.0,0.0,1.0,4.0,1.0,0.0,0.0,0.0,0.0,0.0,0.0,0.0,1.0,0.0,0.0,0.0,0.0,0.0,0.0,0.0,1.0,0
C60037,1,1054.92,1054.92,2,2.0,527.46,3.0,1054.92,1054.92,1.0,0.0,1.0,0.0,1.0,3.0,0.0,0.0,1.0,0.0,0.0,0.0,0.0,0.0,0.0,1.0,0.0,0.0,0.0,0.0,0.0,0.0,1.0,1
C60042,1,1761.24,1761.24,4,4.0,440.31,6.0,1761.24,1761.24,0.0,0.0,1.0,0.0,2.0,4.0,0.0,1.0,0.0,0.0,0.0,0.0,0.0,1.0,0.0,0.0,0.0,0.0,0.0,0.0,0.0,1.0,0.0,0
C60178,1,1023.45,1023.45,3,3.0,341.15,4.0,1023.45,1023.45,1.0,0.0,0.0,0.0,1.0,0.0,0.0,0.0,1.0,0.0,0.0,0.0,0.0,1.0,0.0,0.0,0.0,0.0,0.0,0.0,0.0,1.0,0.0,1
C60190,1,1898.76,1898.76,4,4.0,474.69,6.0,1898.76,1898.76,1.0,0.0,1.0,0.0,1.0,6.0,0.0,0.0,0.0,0.0,1.0,0.0,0.0,0.0,0.0,0.0,1.0,0.0,0.0,0.0,1.0,0.0,0.0,0
C60203,1,583.7,583.7,2,2.0,291.85,5.0,583.7,583.7,1.0,0.0,0.0,0.0,5.0,0.0,0.0,0.0,0.0,0.0,0.0,0.0,1.0,1.0,0.0,0.0,0.0,0.0,0.0,0.0,0.0,1.0,0.0,1
C60215,1,334.4,334.4,4,4.0,83.6,4.0,334.4,334.4,1.0,0.0,0.0,0.0,11.0,1.0,0.0,1.0,0.0,0.0,0.0,0.0,0.0,0.0,0.0,1.0,0.0,0.0,0.0,1.0,0.0,0.0,0.0,1
C60329,1,2476.75,2476.75,5,5.0,495.35,5.0,2476.75,2476.75,0.0,0.0,0.0,0.0,4.0,4.0,0.0,1.0,0.0,0.0,0.0,0.0,0.0,0.0,1.0,0.0,0.0,0.0,0.0,1.0,0.0,0.0,0.0,0
C60355,1,1000.58,1000.58,2,2.0,500.29,7.0,1000.58,1000.58,1.0,0.0,0.0,1.0,9.0,5.0,0.0,0.0,0.0,1.0,0.0,0.0,0.0,0.0,0.0,0.0,0.0,1.0,0.0,0.0,1.0,0.0,0.0,1
C60361,1,1948.1,1948.1,5,5.0,389.62,7.0,1948.1,1948.1,1.0,0.0,0.0,1.0,6.0,6.0,0.0,1.0,0.0,0.0,0.0,0.0,0.0,1.0,0.0,0.0,0.0,0.0,0.0,1.0,0.0,0.0,0.0,0
C60384,1,1484.28,1484.28,4,4.0,371.07,7.0,1484.28,1484.28,1.0,0.0,1.0,0.0,10.0,3.0,0.0,0.0,1.0,0.0,0.0,0.0,0.0,1.0,0.0,0.0,0.0,0.0,0.0,1.0,0.0,0.0,0.0,0
C60547,1,257.0,257.0,1,1.0,257.0,5.0,257.0,257.0,0.0,0.0,1.0,0.0,2.0,6.0,0.0,1.0,0.0,0.0,0.0,0.0,0.0,0.0,0.0,1.0,0.0,0.0,0.0,0.0,0.0,0.0,1.0,1
C60572,1,1497.63,1497.63,3,3.0,499.21,8.0,1497.63,1497.63,0.0,0.0,1.0,0.0,12.0,3.0,1.0,0.0,0.0,0.0,0.0,0.0,0.0,0.0,0.0,0.0,0.0,1.0,0.0,0.0,0.0,1.0,0.0,0
C60575,1,1959.3,1959.3,5,5.0,391.86,6.0,1959.3,1959.3,0.0,0.0,0.0,0.0,7.0,3.0,0.0,1.0,0.0,0.0,0.0,0.0,0.0,0.0,1.0,0.0,0.0,0.0,0.0,0.0,0.0,1.0,0.0,0
C60672,1,423.4,423.4,1,1.0,423.4,3.0,423.4,423.4,0.0,0.0,0.0,0.0,3.0,5.0,0.0,0.0,0.0,0.0,0.0,0.0,1.0,0.0,0.0,1.0,0.0,0.0,0.0,0.0,0.0,0.0,1.0,1
C60699,1,1235.85,1235.85,3,3.0,411.95,7.0,1235.85,1235.85,1.0,1.0,0.0,0.0,1.0,6.0,1.0,0.0,0.0,0.0,0.0,0.0,0.0,0.0,1.0,0.0,0.0,0.0,0.0,0.0,0.0,0.0,1.0,0
C61070,1,951.56,951.56,2,2.0,475.78,2.0,951.56,951.56,1.0,0.0,0.0,0.0,7.0,3.0,0.0,0.0,0.0,0.0,0.0,0.0,1.0,0.0,0.0,0.0,0.0,1.0,0.0,0.0,1.0,0.0,0.0,1
C61090,1,2062.36,2062.36,4,4.0,515.59,7.0,2062.36,2062.36,1.0,0.0,0.0,0.0,4.0,6.0,0.0,0.0,1.0,0.0,0.0,0.0,0.0,0.0,1.0,0.0,0.0,0.0,0.0,0.0,1.0,0.0,0.0,0
C61162,1,721.0,721.0,4,4.0,180.25,7.0,721.0,721.0,0.0,0.0,1.0,0.0,7.0,5.0,0.0,0.0,0.0,1.0,0.0,0.0,0.0,0.0,0.0,1.0,0.0,0.0,0.0,1.0,0.0,0.0,0.0,1
C61225,1,1300.5,1300.5,2,2.0,650.25,6.0,1300.5,1300.5,0.0,0.0,0.0,1.0,2.0,5.0,0.0,0.0,0.0,1.0,0.0,0.0,0.0,0.0,0.0,0.0,1.0,0.0,0.0,0.0,0.0,1.0,0.0,1
C61257,1,507.34,507.34,2,2.0,253.67,3.0,507.34,507.34,1.0,0.0,0.0,1.0,7.0,4.0,0.0,0.0,0.0,1.0,0.0,0.0,0.0,1.0,0.0,0.0,0.0,0.0,0.0,1.0,0.0,0.0,0.0,1
C61280,1,1472.22,1472.22,3,3.0,490.74,3.0,1472.22,1472.22,1.0,0.0,0.0,0.0,5.0,4.0,0.0,0.0,0.0,0.0,1.0,0.0,0.0,1.0,0.0,0.0,0.0,0.0,1.0,0.0,0.0,0.0,0.0,0
C61384,1,802.35,802.35,3,3.0,267.45,5.0,802.35,802.35,1.0,1.0,0.0,0.0,4.0,5.0,0.0,0.0,0.0,1.0,0.0,0.0,0.0,0.0,0.0,0.0,1.0,0.0,0.0,0.0,0.0,1.0,0.0,1
C61440,1,583.9,583.9,1,1.0,583.9,1.0,583.9,583.9,0.0,0.0,0.0,1.0,4.0,0.0,0.0,0.0,0.0,0.0,1.0,0.0,0.0,1.0,0.0,0.0,0.0,0.0,1.0,0.0,0.0,0.0,0.0,1
C61521,1,690.02,690.02,2,2.0,345.01,6.0,690.02,690.02,1.0,1.0,0.0,0.0,5.0,6.0,0.0,0.0,0.0,0.0,1.0,0.0,0.0,0.0,1.0,0.0,0.0,0.0,0.0,0.0,1.0,0.0,0.0,1
C61549,1,1286.04,1286.04,4,4.0,321.51,9.0,1286.04,1286.04,0.0,0.0,0.0,1.0,5.0,0.0,0.0,1.0,0.0,0.0,0.0,0.0,0.0,1.0,0.0,0.0,0.0,0.0,0.0,0.0,1.0,0.0,0.0,0
C61618,1,488.8,488.8,4,4.0,122.2,7.0,488.8,488.8,1.0,1.0,0.0,0.0,3.0,6.0,0.0,1.0,0.0,0.0,0.0,0.0,0.0,1.0,0.0,0.0,0.0,0.0,0.0,1.0,0.0,0.0,0.0,1
C61668,1,139.28,139.28,2,2.0,69.64,6.0,139.28,139.28,0.0,0.0,0.0,1.0,5.0,1.0,1.0,0.0,0.0,0.0,0.0,0.0,0.0,1.0,0.0,0.0,0.0,0.0,0.0,1.0,0.0,0.0,0.0,1
C61773,1,981.12,981.12,4,4.0,245.28,6.0,981.12,981.12,1.0,1.0,0.0,0.0,10.0,0.0,0.0,0.0,0.0,0.0,1.0,0.0,0.0,0.0,1.0,0.0,0.0,0.0,1.0,0.0,0.0,0.0,0.0,1
C61849,1,2311.28,2311.28,4,4.0,577.82,9.0,2311.28,2311.28,0.0,1.0,0.0,0.0,12.0,1.0,0.0,0.0,0.0,1.0,0.0,0.0,0.0,0.0,1.0,0.0,0.0,0.0,0.0,0.0,1.0,0.0,0.0,0
C61943,1,985.8,985.8,2,2.0,492.9,5.0,985.8,985.8,1.0,0.0,0.0,1.0,5.0,4.0,0.0,0.0,1.0,0.0,0.0,0.0,0.0,1.0,0.0,0.0,0.0,0.0,0.0,0.0,0.0,1.0,0.0,1
C61957,1,483.38,483.38,1,1.0,483.38,6.0,483.38,483.38,1.0,0.0,0.0,0.0,12.0,6.0,0.0,0.0,0.0,0.0,0.0,1.0,0.0,1.0,0.0,0.0,0.0,0.0,0.0,0.0,1.0,0.0,0.0,1
C62042,1,1539.9,1539.9,5,5.0,307.98,10.0,1539.9,1539.9,0.0,0.0,0.0,0.0,5.0,6.0,0.0,0.0,0.0,0.0,0.0,0.0,1.0,0.0,0.0,0.0,0.0,1.0,0.0,1.0,0.0,0.0,0.0,0
C62070,1,176.58,176.58,1,1.0,176.58,4.0,176.58,176.58,0.0,0.0,0.0,1.0,3.0,2.0,0.0,0.0,0.0,1.0,0.0,0.0,0.0,0.0,0.0,1.0,0.0,0.0,0.0,0.0,0.0,0.0,1.0,1
C62169,1,184.15,184.15,1,1.0,184.15,5.0,184.15,184.15,1.0,0.0,0.0,0.0,4.0,6.0,1.0,0.0,0.0,0.0,0.0,0.0,0.0,0.0,0.0,0.0,1.0,0.0,0.0,1.0,0.0,0.0,0.0,1
C62277,1,309.88,309.88,4,4.0,77.47,7.0,309.88,309.88,1.0,0.0,0.0,1.0,4.0,0.0,0.0,0.0,0.0,0.0,0.0,1.0,0.0,0.0,0.0,0.0,1.0,0.0,0.0,0.0,0.0,1.0,0.0,1
C62312,1,52.54,52.54,1,1.0,52.54,6.0,52.54,52.54,1.0,0.0,1.0,0.0,10.0,6.0,0.0,0.0,0.0,0.0,0.0,1.0,0.0,0.0,0.0,1.0,0.0,0.0,0.0,1.0,0.0,0.0,0.0,1
C62405,1,460.72,460.72,2,2.0,230.36,4.0,460.72,460.72,1.0,0.0,0.0,1.0,12.0,3.0,0.0,0.0,1.0,0.0,0.0,0.0,0.0,0.0,0.0,0.0,0.0,1.0,1.0,0.0,0.0,0.0,0.0,1
C62512,1,275.22,275.22,3,3.0,91.74,8.0,275.22,275.22,1.0,0.0,0.0,1.0,9.0,1.0,0.0,0.0,0.0,0.0,0.0,1.0,0.0,0.0,0.0,1.0,0.0,0.0,0.0,0.0,0.0,0.0,1.0,1
C62557,1,1232.64,1232.64,3,3.0,410.88,8.0,1232.64,1232.64,1.0,1.0,0.0,0.0,1.0,4.0,0.0,0.0,0.0,1.0,0.0,0.0,0.0,1.0,0.0,0.0,0.0,0.0,0.0,0.0,0.0,1.0,0.0,0
C62622,1,562.61,562.61,1,1.0,562.61,3.0,562.61,562.61,1.0,1.0,0.0,0.0,3.0,4.0,0.0,0.0,0.0,0.0,0.0,0.0,1.0,0.0,1.0,0.0,0.0,0.0,0.0,1.0,0.0,0.0,0.0,1
C62627,1,41.09,41.09,1,1.0,41.09,4.0,41.09,41.09,1.0,0.0,0.0,1.0,3.0,5.0,0.0,1.0,0.0,0.0,0.0,0.0,0.0,0.0,0.0,0.0,0.0,1.0,1.0,0.0,0.0,0.0,0.0,1
C62656,1,873.72,873.72,4,4.0,218.43,9.0,873.72,873.72,1.0,0.0,1.0,0.0,1.0,5.0,0.0,0.0,0.0,0.0,1.0,0.0,0.0,0.0,1.0,0.0,0.0,0.0,1.0,0.0,0.0,0.0,0.0,1
C62661,1,1147.11,1147.11,3,3.0,382.37,8.0,1147.11,1147.11,0.0,0.0,0.0,1.0,6.0,0.0,0.0,0.0,0.0,0.0,0.0,0.0,1.0,0.0,0.0,1.0,0.0,0.0,0.0,0.0,0.0,1.0,0.0,1
C62666,1,322.5,322.5,5,5.0,64.5,8.0,322.5,322.5,1.0,0.0,0.0,0.0,2.0,3.0,1.0,0.0,0.0,0.0,0.0,0.0,0.0,0.0,1.0,0.0,0.0,0.0,0.0,0.0,0.0,1.0,0.0,1
C62740,1,424.4,424.4,1,1.0,424.4,6.0,424.4,424.4,1.0,0.0,0.0,0.0,2.0,0.0,0.0,0.0,0.0,0.0,1.0,0.0,0.0,0.0,0.0,0.0,0.0,1.0,0.0,0.0,0.0,0.0,1.0,1
C63018,1,38.49,38.49,1,1.0,38.49,4.0,38.49,38.49,1.0,1.0,0.0,0.0,6.0,6.0,0.0,0.0,0.0,0.0,0.0,1.0,0.0,0.0,1.0,0.0,0.0,0.0,0.0,0.0,0.0,0.0,1.0,1
C63150,1,410.91,410.91,3,3.0,136.97,4.0,410.91,410.91,1.0,0.0,0.0,1.0,10.0,4.0,0.0,0.0,0.0,0.0,0.0,1.0,0.0,0.0,1.0,0.0,0.0,0.0,0.0,0.0,0.0,0.0,1.0,1
C63153,1,2199.04,2199.04,4,4.0,549.76,4.0,2199.04,2199.04,1.0,1.0,0.0,0.0,10.0,1.0,1.0,0.0,0.0,0.0,0.0,0.0,0.0,0.0,0.0,1.0,0.0,0.0,0.0,1.0,0.0,0.0,0.0,0
C63365,1,1098.9,1098.9,5,5.0,219.78,8.0,1098.9,1098.9,0.0,0.0,0.0,0.0,8.0,4.0,0.0,1.0,0.0,0.0,0.0,0.0,0.0,0.0,1.0,0.0,0.0,0.0,0.0,1.0,0.0,0.0,0.0,0
C63372,1,2428.55,2428.55,5,5.0,485.71,10.0,2428.55,2428.55,1.0,0.0,0.0,0.0,3.0,1.0,1.0,0.0,0.0,0.0,0.0,0.0,0.0,0.0,0.0,0.0,0.0,1.0,0.0,0.0,0.0,0.0,1.0,0
C63378,1,512.39,512.39,1,1.0,512.39,2.0,512.39,512.39,1.0,1.0,0.0,0.0,4.0,3.0,0.0,0.0,0.0,0.0,1.0,0.0,0.0,0.0,0.0,0.0,0.0,1.0,0.0,0.0,0.0,1.0,0.0,1
C63619,1,1857.63,1857.63,3,3.0,619.21,6.0,1857.63,1857.63,0.0,0.0,1.0,0.0,4.0,0.0,1.0,0.0,0.0,0.0,0.0,0.0,0.0,0.0,0.0,1.0,0.0,0.0,1.0,0.0,0.0,0.0,0.0,0
C63657,1,1274.67,1274.67,3,3.0,424.89,6.0,1274.67,1274.67,1.0,0.0,1.0,0.0,2.0,4.0,0.0,0.0,0.0,0.0,0.0,0.0,1.0,0.0,0.0,1.0,0.0,0.0,0.0,0.0,1.0,0.0,0.0,1
C63727,1,724.28,724.28,2,2.0,362.14,2.0,724.28,724.28,1.0,0.0,0.0,0.0,12.0,4.0,0.0,1.0,0.0,0.0,0.0,0.0,0.0,0.0,0.0,1.0,0.0,0.0,0.0,0.0,0.0,1.0,0.0,1
C63822,1,507.56,507.56,4,4.0,126.89,9.0,507.56,507.56,1.0,0.0,0.0,0.0,11.0,5.0,0.0,0.0,1.0,0.0,0.0,0.0,0.0,1.0,0.0,0.0,0.0,0.0,0.0,0.0,0.0,1.0,0.0,1
C63827,1,1974.92,1974.92,4,4.0,493.73,6.0,1974.92,1974.92,1.0,0.0,0.0,0.0,6.0,3.0,0.0,0.0,0.0,0.0,1.0,0.0,0.0,0.0,0.0,1.0,0.0,0.0,0.0,1.0,0.0,0.0,0.0,0
C64128,1,284.64,284.64,3,3.0,94.88,8.0,284.64,284.64,0.0,0.0,0.0,0.0,2.0,6.0,0.0,0.0,0.0,0.0,0.0,0.0,1.0,0.0,0.0,0.0,1.0,0.0,0.0,0.0,0.0,0.0,1.0,1
C64160,1,330.98,330.98,2,2.0,165.49,4.0,330.98,330.98,1.0,0.0,0.0,0.0,8.0,0.0,0.0,0.0,0.0,1.0,0.0,0.0,0.0,0.0,0.0,0.0,0.0,1.0,0.0,0.0,0.0,1.0,0.0,1
C64502,1,1600.05,1600.05,5,5.0,320.01,6.0,1600.05,1600.05,0.0,1.0,0.0,0.0,7.0,1.0,0.0,1.0,0.0,0.0,0.0,0.0,0.0,0.0,0.0,0.0,1.0,0.0,0.0,0.0,0.0,0.0,1.0,0
C64516,1,1517.37,1517.37,3,3.0,505.79,3.0,1517.37,1517.37,1.0,0.0,0.0,0.0,7.0,2.0,0.0,0.0,1.0,0.0,0.0,0.0,0.0,0.0,0.0,1.0,0.0,0.0,0.0,0.0,0.0,0.0,1.0,0
C64549,1,1006.1,1006.1,5,5.0,201.22,6.0,1006.1,1006.1,1.0,0.0,0.0,0.0,8.0,3.0,0.0,0.0,0.0,1.0,0.0,0.0,0.0,0.0,0.0,1.0,0.0,0.0,0.0,1.0,0.0,0.0,0.0,1
C64554,1,410.52,410.52,3,3.0,136.84,4.0,410.52,410.52,1.0,0.0,0.0,0.0,8.0,3.0,0.0,0.0,0.0,0.0,0.0,0.0,1.0,0.0,0.0,0.0,0.0,1.0,0.0,1.0,0.0,0.0,0.0,1
C64579,1,234.37,234.37,1,1.0,234.37,5.0,234.37,234.37,1.0,0.0,0.0,0.0,2.0,4.0,0.0,1.0,0.0,0.0,0.0,0.0,0.0,0.0,0.0,1.0,0.0,0.0,1.0,0.0,0.0,0.0,0.0,1
C64638,1,527.57,527.57,1,1.0,527.57,3.0,527.57,527.57,1.0,0.0,0.0,0.0,2.0,6.0,0.0,0.0,0.0,0.0,0.0,1.0,0.0,0.0,0.0,1.0,0.0,0.0,0.0,1.0,0.0,0.0,0.0,1
C64641,1,2119.65,2119.65,5,5.0,423.93,5.0,2119.65,2119.65,1.0,0.0,0.0,1.0,1.0,6.0,0.0,0.0,0.0,0.0,0.0,0.0,1.0,0.0,0.0,1.0,0.0,0.0,0.0,1.0,0.0,0.0,0.0,0
C64753,1,1050.08,1050.08,4,4.0,262.52,4.0,1050.08,1050.08,1.0,0.0,1.0,0.0,8.0,3.0,1.0,0.0,0.0,0.0,0.0,0.0,0.0,0.0,0.0,1.0,0.0,0.0,0.0,0.0,0.0,1.0,0.0,1
C64935,1,304.11,304.11,1,1.0,304.11,2.0,304.11,304.11,1.0,0.0,0.0,0.0,9.0,4.0,0.0,0.0,0.0,1.0,0.0,0.0,0.0,0.0,0.0,0.0,1.0,0.0,0.0,0.0,0.0,0.0,1.0,1
C65021,1,809.92,809.92,2,2.0,404.96,4.0,809.92,809.92,1.0,0.0,0.0,0.0,5.0,5.0,0.0,0.0,0.0,0.0,1.0,0.0,0.0,1.0,0.0,0.0,0.0,0.0,1.0,0.0,0.0,0.0,0.0,1
C65056,1,2129.96,2129.96,4,4.0,532.49,6.0,2129.96,2129.96,1.0,0.0,1.0,0.0,6.0,5.0,0.0,0.0,0.0,0.0,0.0,0.0,1.0,0.0,0.0,0.0,0.0,1.0,0.0,1.0,0.0,0.0,0.0,0
C65083,1,2631.16,2631.16,4,4.0,657.79,6.0,2631.16,2631.16,1.0,0.0,0.0,1.0,2.0,1.0,0.0,1.0,0.0,0.0,0.0,0.0,0.0,0.0,1.0,0.0,0.0,0.0,0.0,0.0,1.0,0.0,0.0,0
C65107,1,70.24,70.24,1,1.0,70.24,4.0,70.24,70.24,1.0,0.0,1.0,0.0,9.0,6.0,0.0,0.0,0.0,1.0,0.0,0.0,0.0,0.0,1.0,0.0,0.0,0.0,0.0,0.0,1.0,0.0,0.0,1
C65180,1,858.16,858.16,4,4.0,214.54,7.0,858.16,858.16,0.0,0.0,1.0,0.0,4.0,3.0,0.0,0.0,0.0,0.0,0.0,0.0,1.0,0.0,0.0,0.0,1.0,0.0,0.0,0.0,0.0,0.0,1.0,1
C65251,1,1168.35,1168.35,5,5.0,233.67,10.0,1168.35,1168.35,0.0,0.0,0.0,0.0,9.0,0.0,0.0,0.0,1.0,0.0,0.0,0.0,0.0,1.0,0.0,0.0,0.0,0.0,0.0,0.0,0.0,0.0,1.0,0
C65414,1,595.42,595.42,2,2.0,297.71,7.0,595.42,595.42,1.0,0.0,0.0,0.0,4.0,1.0,0.0,0.0,0.0,0.0,1.0,0.0,0.0,0.0,0.0,0.0,0.0,1.0,0.0,0.0,0.0,0.0,1.0,1
C65497,1,163.32,163.32,1,1.0,163.32,6.0,163.32,163.32,1.0,0.0,0.0,0.0,11.0,5.0,0.0,0.0,0.0,1.0,0.0,0.0,0.0,1.0,0.0,0.0,0.0,0.0,0.0,1.0,0.0,0.0,0.0,1
C65524,1,1919.1,1919.1,5,5.0,383.82,7.0,1919.1,1919.1,1.0,0.0,0.0,1.0,1.0,0.0,0.0,0.0,1.0,0.0,0.0,0.0,0.0,0.0,1.0,0.0,0.0,0.0,0.0,0.0,1.0,0.0,0.0,0
C65565,1,402.15,402.15,3,3.0,134.05,3.0,402.15,402.15,0.0,0.0,0.0,0.0,2.0,1.0,0.0,1.0,0.0,0.0,0.0,0.0,0.0,0.0,1.0,0.0,0.0,0.0,0.0,0.0,1.0,0.0,0.0,1
C65744,1,582.04,582.04,1,1.0,582.04,1.0,582.04,582.04,1.0,1.0,0.0,0.0,7.0,1.0,0.0,0.0,0.0,0.0,1.0,0.0,0.0,0.0,0.0,0.0,1.0,0.0,1.0,0.0,0.0,0.0,0.0,1
C65799,1,2260.8,2260.8,4,4.0,565.2,9.0,2260.8,2260.8,1.0,0.0,0.0,0.0,1.0,4.0,0.0,0.0,0.0,0.0,0.0,0.0,1.0,0.0,0.0,1.0,0.0,0.0,0.0,0.0,1.0,0.0,0.0,0
C65890,1,1577.85,1577.85,5,5.0,315.57,6.0,1577.85,1577.85,1.0,1.0,0.0,0.0,1.0,0.0,0.0,0.0,0.0,0.0,0.0,0.0,1.0,0.0,0.0,1.0,0.0,0.0,1.0,0.0,0.0,0.0,0.0,0
C65905,1,950.4,950.4,5,5.0,190.08,9.0,950.4,950.4,1.0,0.0,0.0,0.0,1.0,2.0,0.0,0.0,1.0,0.0,0.0,0.0,0.0,1.0,0.0,0.0,0.0,0.0,0.0,0.0,0.0,1.0,0.0,0
C65986,1,3352.4,3352.4,5,5.0,670.48,5.0,3352.4,3352.4,1.0,0.0,0.0,1.0,7.0,0.0,0.0,0.0,1.0,0.0,0.0,0.0,0.0,0.0,0.0,0.0,1.0,0.0,0.0,1.0,0.0,0.0,0.0,0
C66078,1,1101.12,1101.12,4,4.0,275.28,9.0,1101.12,1101.12,1.0,0.0,0.0,0.0,10.0,0.0,0.0,1.0,0.0,0.0,0.0,0.0,0.0,0.0,0.0,0.0,1.0,0.0,0.0,1.0,0.0,0.0,0.0,0
C66093,1,2595.64,2595.64,4,4.0,648.91,6.0,2595.64,2595.64,1.0,0.0,0.0,0.0,6.0,2.0,0.0,0.0,0.0,0.0,0.0,1.0,0.0,0.0,1.0,0.0,0.0,0.0,0.0,0.0,0.0,1.0,0.0,0
C66112,1,1866.8,1866.8,4,4.0,466.7,8.0,1866.8,1866.8,0.0,0.0,0.0,1.0,2.0,4.0,0.0,1.0,0.0,0.0,0.0,0.0,0.0,0.0,0.0,1.0,0.0,0.0,0.0,0.0,0.0,1.0,0.0,0
C66116,1,322.45,322.45,5,5.0,64.49,7.0,322.45,322.45,0.0,0.0,1.0,0.0,3.0,4.0,1.0,0.0,0.0,0.0,0.0,0.0,0.0,0.0,0.0,0.0,0.0,1.0,0.0,1.0,0.0,0.0,0.0,1
C66149,1,1537.28,1537.28,4,4.0,384.32,6.0,1537.28,1537.28,1.0,0.0,0.0,0.0,12.0,4.0,0.0,1.0,0.0,0.0,0.0,0.0,0.0,0.0,1.0,0.0,0.0,0.0,0.0,0.0,1.0,0.0,0.0,0
C66196,1,796.9,796.9,2,2.0,398.45,7.0,796.9,796.9,1.0,0.0,1.0,0.0,9.0,5.0,0.0,0.0,0.0,0.0,1.0,0.0,0.0,0.0,0.0,1.0,0.0,0.0,0.0,0.0,1.0,0.0,0.0,1
C66254,1,515.32,515.32,1,1.0,515.32,1.0,515.32,515.32,1.0,0.0,1.0,0.0,4.0,5.0,1.0,0.0,0.0,0.0,0.0,0.0,0.0,0.0,0.0,0.0,1.0,0.0,1.0,0.0,0.0,0.0,0.0,1
C66332,1,1907.94,1907.94,3,3.0,635.98,5.0,1907.94,1907.94,0.0,0.0,0.0,1.0,3.0,4.0,0.0,0.0,0.0,1.0,0.0,0.0,0.0,1.0,0.0,0.0,0.0,0.0,0.0,0.0,0.0,0.0,1.0,0
C66349,1,565.85,565.85,1,1.0,565.85,1.0,565.85,565.85,1.0,0.0,0.0,1.0,3.0,6.0,0.0,1.0,0.0,0.0,0.0,0.0,0.0,0.0,0.0,0.0,1.0,0.0,0.0,1.0,0.0,0.0,0.0,1
C66438,1,90.27,90.27,1,1.0,90.27,5.0,90.27,90.27,1.0,1.0,0.0,0.0,6.0,6.0,0.0,0.0,1.0,0.0,0.0,0.0,0.0,1.0,0.0,0.0,0.0,0.0,0.0,1.0,0.0,0.0,0.0,1
C66462,1,1739.6,1739.6,5,5.0,347.92,6.0,1739.6,1739.6,1.0,0.0,0.0,0.0,1.0,2.0,0.0,0.0,0.0,0.0,1.0,0.0,0.0,1.0,0.0,0.0,0.0,0.0,0.0,0.0,1.0,0.0,0.0,0
C66521,1,1600.28,1600.28,4,4.0,400.07,5.0,1600.28,1600.28,0.0,0.0,0.0,0.0,6.0,3.0,1.0,0.0,0.0,0.0,0.0,0.0,0.0,0.0,0.0,0.0,0.0,1.0,0.0,0.0,0.0,0.0,1.0,0
C66567,1,79.02,79.02,2,2.0,39.51,5.0,79.02,79.02,0.0,0.0,0.0,0.0,6.0,2.0,0.0,1.0,0.0,0.0,0.0,0.0,0.0,0.0,0.0,0.0,0.0,1.0,0.0,1.0,0.0,0.0,0.0,1
C66840,1,2313.08,2313.08,4,4.0,578.27,9.0,2313.08,2313.08,1.0,1.0,0.0,0.0,10.0,6.0,0.0,0.0,0.0,0.0,0.0,0.0,1.0,0.0,0.0,0.0,0.0,1.0,1.0,0.0,0.0,0.0,0.0,0
C66906,1,518.64,518.64,2,2.0,259.32,2.0,518.64,518.64,1.0,1.0,0.0,0.0,4.0,3.0,0.0,0.0,0.0,0.0,0.0,1.0,0.0,0.0,0.0,0.0,1.0,0.0,0.0,0.0,0.0,0.0,1.0,1
C67195,1,2306.08,2306.08,4,4.0,576.52,5.0,2306.08,2306.08,1.0,0.0,0.0,0.0,1.0,5.0,1.0,0.0,0.0,0.0,0.0,0.0,0.0,0.0,1.0,0.0,0.0,0.0,0.0,1.0,0.0,0.0,0.0,0
C67260,1,3390.8,3390.8,5,5.0,678.16,7.0,3390.8,3390.8,1.0,1.0,0.0,0.0,5.0,1.0,0.0,0.0,1.0,0.0,0.0,0.0,0.0,0.0,0.0,0.0,1.0,0.0,0.0,1.0,0.0,0.0,0.0,0
C67387,1,1418.65,1418.65,5,5.0,283.73,8.0,1418.65,1418.65,1.0,0.0,0.0,0.0,6.0,3.0,0.0,0.0,0.0,0.0,1.0,0.0,0.0,0.0,0.0,0.0,1.0,0.0,0.0,0.0,0.0,1.0,0.0,0
C67528,1,1185.12,1185.12,4,4.0,296.28,5.0,1185.12,1185.12,1.0,0.0,0.0,0.0,11.0,6.0,0.0,0.0,0.0,1.0,0.0,0.0,0.0,0.0,0.0,0.0,1.0,0.0,1.0,0.0,0.0,0.0,0.0,1
C67533,1,26.95,26.95,1,1.0,26.95,1.0,26.95,26.95,1.0,1.0,0.0,0.0,3.0,2.0,0.0,1.0,0.0,0.0,0.0,0.0,0.0,1.0,0.0,0.0,0.0,0.0,1.0,0.0,0.0,0.0,0.0,1
C67551,1,1955.12,1955.12,4,4.0,488.78,5.0,1955.12,1955.12,1.0,0.0,0.0,1.0,5.0,5.0,0.0,0.0,0.0,0.0,1.0,0.0,0.0,0.0,0.0,0.0,0.0,1.0,0.0,0.0,1.0,0.0,0.0,0
C67561,1,1660.56,1660.56,3,3.0,553.52,4.0,1660.56,1660.56,1.0,0.0,0.0,0.0,3.0,1.0,0.0,0.0,0.0,0.0,1.0,0.0,0.0,0.0,0.0,0.0,1.0,0.0,0.0,1.0,0.0,0.0,0.0,0
C67583,1,338.31,338.31,1,1.0,338.31,3.0,338.31,338.31,0.0,1.0,0.0,0.0,6.0,1.0,0.0,0.0,0.0,0.0,1.0,0.0,0.0,0.0,0.0,0.0,0.0,1.0,0.0,0.0,1.0,0.0,0.0,1
C67604,1,279.38,279.38,2,2.0,139.69,7.0,279.38,279.38,1.0,0.0,0.0,1.0,1.0,0.0,0.0,1.0,0.0,0.0,0.0,0.0,0.0,0.0,0.0,0.0,0.0,1.0,1.0,0.0,0.0,0.0,0.0,1
C67687,1,868.6,868.6,2,2.0,434.3,7.0,868.6,868.6,1.0,1.0,0.0,0.0,7.0,6.0,1.0,0.0,0.0,0.0,0.0,0.0,0.0,1.0,0.0,0.0,0.0,0.0,0.0,0.0,0.0,1.0,0.0,1
C67818,1,442.39,442.39,1,1.0,442.39,6.0,442.39,442.39,1.0,0.0,0.0,0.0,11.0,3.0,0.0,0.0,1.0,0.0,0.0,0.0,0.0,0.0,0.0,0.0,1.0,0.0,0.0,1.0,0.0,0.0,0.0,1
C67870,1,1648.8,1648.8,4,4.0,412.2,6.0,1648.8,1648.8,1.0,0.0,0.0,0.0,2.0,3.0,0.0,0.0,0.0,1.0,0.0,0.0,0.0,0.0,1.0,0.0,0.0,0.0,0.0,0.0,0.0,0.0,1.0,0
C67932,1,514.98,514.98,3,3.0,171.66,7.0,514.98,514.98,0.0,1.0,0.0,0.0,12.0,3.0,1.0,0.0,0.0,0.0,0.0,0.0,0.0,0.0,0.0,1.0,0.0,0.0,0.0,0.0,1.0,0.0,0.0,1
C67936,1,1072.5,1072.5,2,2.0,536.25,3.0,1072.5,1072.5,0.0,0.0,0.0,0.0,10.0,2.0,0.0,0.0,0.0,0.0,0.0,0.0,1.0,0.0,0.0,1.0,0.0,0.0,1.0,0.0,0.0,0.0,0.0,1
C68078,1,987.76,987.76,2,2.0,493.88,7.0,987.76,987.76,1.0,0.0,0.0,1.0,2.0,2.0,0.0,1.0,0.0,0.0,0.0,0.0,0.0,0.0,1.0,0.0,0.0,0.0,0.0,0.0,0.0,1.0,0.0,1
C68266,1,1960.89,1960.89,3,3.0,653.63,7.0,1960.89,1960.89,1.0,1.0,0.0,0.0,7.0,4.0,0.0,0.0,0.0,0.0,0.0,1.0,0.0,0.0,0.0,0.0,0.0,1.0,1.0,0.0,0.0,0.0,0.0,0
C68508,1,123.28,123.28,1,1.0,123.28,3.0,123.28,123.28,1.0,1.0,0.0,0.0,7.0,1.0,1.0,0.0,0.0,0.0,0.0,0.0,0.0,0.0,1.0,0.0,0.0,0.0,1.0,0.0,0.0,0.0,0.0,1
C68553,1,742.41,742.41,3,3.0,247.47,4.0,742.41,742.41,1.0,1.0,0.0,0.0,3.0,6.0,0.0,0.0,0.0,0.0,0.0,0.0,1.0,0.0,0.0,0.0,0.0,1.0,0.0,1.0,0.0,0.0,0.0,1
C68609,1,1330.32,1330.32,3,3.0,443.44,3.0,1330.32,1330.32,1.0,0.0,0.0,0.0,10.0,1.0,1.0,0.0,0.0,0.0,0.0,0.0,0.0,0.0,0.0,0.0,1.0,0.0,0.0,0.0,1.0,0.0,0.0,1
C68936,1,1662.75,1662.75,3,3.0,554.25,6.0,1662.75,1662.75,1.0,0.0,0.0,0.0,4.0,4.0,0.0,0.0,0.0,0.0,0.0,0.0,1.0,0.0,0.0,1.0,0.0,0.0,0.0,0.0,0.0,0.0,1.0,0
C68937,1,850.06,850.06,2,2.0,425.03,2.0,850.06,850.06,1.0,0.0,0.0,1.0,2.0,2.0,0.0,0.0,1.0,0.0,0.0,0.0,0.0,1.0,0.0,0.0,0.0,0.0,0.0,0.0,1.0,0.0,0.0,1
C68976,1,868.25,868.25,5,5.0,173.65,9.0,868.25,868.25,1.0,1.0,0.0,0.0,5.0,2.0,0.0,0.0,0.0,0.0,1.0,0.0,0.0,0.0,0.0,0.0,1.0,0.0,1.0,0.0,0.0,0.0,0.0,1
C69009,1,2280.3,2280.3,5,5.0,456.06,10.0,2280.3,2280.3,0.0,0.0,0.0,0.0,8.0,0.0,0.0,0.0,0.0,0.0,0.0,1.0,0.0,1.0,0.0,0.0,0.0,0.0,0.0,0.0,0.0,1.0,0.0,0
C69021,1,1874.52,1874.52,3,3.0,624.84,8.0,1874.52,1874.52,1.0,0.0,1.0,0.0,3.0,6.0,0.0,0.0,0.0,0.0,0.0,0.0,1.0,0.0,1.0,0.0,0.0,0.0,0.0,1.0,0.0,0.0,0.0,0
C69149,1,1062.98,1062.98,2,2.0,531.49,7.0,1062.98,1062.98,1.0,1.0,0.0,0.0,10.0,5.0,0.0,0.0,0.0,0.0,0.0,1.0,0.0,0.0,1.0,0.0,0.0,0.0,0.0,1.0,0.0,0.0,0.0,1
C69167,1,165.03,165.03,3,3.0,55.01,7.0,165.03,165.03,1.0,0.0,0.0,0.0,10.0,4.0,1.0,0.0,0.0,0.0,0.0,0.0,0.0,0.0,0.0,0.0,0.0,1.0,1.0,0.0,0.0,0.0,0.0,1
C69168,1,21.19,21.19,1,1.0,21.19,5.0,21.19,21.19,1.0,0.0,0.0,1.0,8.0,0.0,0.0,0.0,0.0,0.0,0.0,0.0,1.0,1.0,0.0,0.0,0.0,0.0,0.0,0.0,1.0,0.0,0.0,1
C69213,1,2579.84,2579.84,4,4.0,644.96,7.0,2579.84,2579.84,1.0,0.0,0.0,0.0,9.0,5.0,0.0,0.0,1.0,0.0,0.0,0.0,0.0,0.0,1.0,0.0,0.0,0.0,1.0,0.0,0.0,0.0,0.0,0
C69332,1,1695.75,1695.75,3,3.0,565.25,7.0,1695.75,1695.75,1.0,0.0,0.0,1.0,5.0,5.0,0.0,0.0,0.0,1.0,0.0,0.0,0.0,0.0,0.0,1.0,0.0,0.0,1.0,0.0,0.0,0.0,0.0,0
C69396,1,1808.25,1808.25,3,3.0,602.75,6.0,1808.25,1808.25,1.0,0.0,0.0,0.0,3.0,5.0,0.0,0.0,0.0,0.0,0.0,1.0,0.0,0.0,1.0,0.0,0.0,0.0,1.0,0.0,0.0,0.0,0.0,0
C69471,1,1448.24,1448.24,4,4.0,362.06,4.0,1448.24,1448.24,0.0,0.0,0.0,1.0,10.0,4.0,0.0,0.0,0.0,0.0,0.0,0.0,1.0,0.0,0.0,1.0,0.0,0.0,0.0,1.0,0.0,0.0,0.0,0
C69476,1,996.28,996.28,4,4.0,249.07,5.0,996.28,996.28,1.0,0.0,0.0,1.0,1.0,1.0,0.0,0.0,0.0,0.0,1.0,0.0,0.0,0.0,1.0,0.0,0.0,0.0,0.0,0.0,0.0,0.0,1.0,1
C69542,1,422.54,422.54,1,1.0,422.54,1.0,422.54,422.54,1.0,1.0,0.0,0.0,1.0,1.0,0.0,0.0,0.0,0.0,0.0,1.0,0.0,1.0,0.0,0.0,0.0,0.0,0.0,0.0,1.0,0.0,0.0,1
C69994,1,2332.1,2332.1,5,5.0,466.42,5.0,2332.1,2332.1,0.0,0.0,0.0,1.0,6.0,1.0,0.0,0.0,0.0,1.0,0.0,0.0,0.0,0.0,0.0,0.0,1.0,0.0,0.0,0.0,0.0,0.0,1.0,0
C70010,1,1153.85,1153.85,5,5.0,230.77,10.0,1153.85,1153.85,1.0,0.0,0.0,0.0,6.0,0.0,0.0,1.0,0.0,0.0,0.0,0.0,0.0,0.0,0.0,0.0,0.0,1.0,0.0,0.0,0.0,0.0,1.0,0
C70148,1,2647.75,2647.75,5,5.0,529.55,10.0,2647.75,2647.75,0.0,0.0,0.0,0.0,7.0,2.0,0.0,1.0,0.0,0.0,0.0,0.0,0.0,0.0,0.0,0.0,1.0,0.0,0.0,1.0,0.0,0.0,0.0,0
C70246,1,476.22,476.22,3,3.0,158.74,7.0,476.22,476.22,1.0,0.0,0.0,0.0,7.0,3.0,0.0,1.0,0.0,0.0,0.0,0.0,0.0,0.0,0.0,0.0,0.0,1.0,0.0,0.0,0.0,1.0,0.0,1
C70315,1,2024.44,2024.44,4,4.0,506.11,5.0,2024.44,2024.44,0.0,0.0,1.0,0.0,11.0,6.0,0.0,0.0,1.0,0.0,0.0,0.0,0.0,1.0,0.0,0.0,0.0,0.0,0.0,0.0,0.0,0.0,1.0,0
C70352,1,626.6,626.6,1,1.0,626.6,4.0,626.6,626.6,1.0,0.0,0.0,1.0,2.0,0.0,0.0,1.0,0.0,0.0,0.0,0.0,0.0,0.0,0.0,0.0,1.0,0.0,0.0,1.0,0.0,0.0,0.0,1
C70412,1,2313.12,2313.12,4,4.0,578.28,5.0,2313.12,2313.12,1.0,0.0,1.0,0.0,6.0,2.0,0.0,0.0,1.0,0.0,0.0,0.0,0.0,0.0,0.0,0.0,1.0,0.0,1.0,0.0,0.0,0.0,0.0,0
C70426,1,672.64,672.64,2,2.0,336.32,3.0,672.64,672.64,0.0,0.0,0.0,1.0,6.0,4.0,0.0,0.0,1.0,0.0,0.0,0.0,0.0,0.0,0.0,0.0,0.0,1.0,0.0,0.0,1.0,0.0,0.0,1
C70437,1,2620.72,2620.72,4,4.0,655.18,5.0,2620.72,2620.72,0.0,0.0,0.0,0.0,11.0,4.0,1.0,0.0,0.0,0.0,0.0,0.0,0.0,0.0,0.0,0.0,0.0,1.0,0.0,1.0,0.0,0.0,0.0,0
C70452,1,1265.28,1265.28,4,4.0,316.32,7.0,1265.28,1265.28,0.0,1.0,0.0,0.0,6.0,5.0,0.0,0.0,0.0,1.0,0.0,0.0,0.0,0.0,0.0,1.0,0.0,0.0,0.0,1.0,0.0,0.0,0.0,0
C70492,1,1984.0,1984.0,4,4.0,496.0,8.0,1984.0,1984.0,1.0,0.0,1.0,0.0,4.0,1.0,0.0,0.0,0.0,1.0,0.0,0.0,0.0,0.0,0.0,0.0,0.0,1.0,0.0,0.0,1.0,0.0,0.0,0
C70495,1,114.14,114.14,2,2.0,57.07,3.0,114.14,114.14,1.0,0.0,0.0,1.0,6.0,4.0,0.0,0.0,0.0,0.0,0.0,1.0,0.0,0.0,0.0,1.0,0.0,0.0,0.0,0.0,0.0,1.0,0.0,1
C70506,1,454.23,454.23,1,1.0,454.23,3.0,454.23,454.23,0.0,0.0,0.0,1.0,2.0,5.0,0.0,0.0,0.0,1.0,0.0,0.0,0.0,0.0,0.0,0.0,1.0,0.0,0.0,1.0,0.0,0.0,0.0,1
C70529,1,105.92,105.92,1,1.0,105.92,6.0,105.92,105.92,1.0,0.0,0.0,1.0,5.0,3.0,0.0,1.0,0.0,0.0,0.0,0.0,0.0,0.0,0.0,0.0,1.0,0.0,1.0,0.0,0.0,0.0,0.0,1
C70554,1,418.35,418.35,3,3.0,139.45,8.0,418.35,418.35,1.0,0.0,0.0,1.0,4.0,0.0,0.0,0.0,0.0,1.0,0.0,0.0,0.0,0.0,0.0,0.0,1.0,0.0,0.0,0.0,1.0,0.0,0.0,1
C70566,1,2682.9,2682.9,5,5.0,536.58,5.0,2682.9,2682.9,1.0,0.0,0.0,0.0,12.0,3.0,0.0,1.0,0.0,0.0,0.0,0.0,0.0,0.0,0.0,0.0,1.0,0.0,0.0,0.0,1.0,0.0,0.0,0
C70613,1,2323.7,2323.7,5,5.0,464.74,7.0,2323.7,2323.7,0.0,1.0,0.0,0.0,1.0,4.0,0.0,0.0,1.0,0.0,0.0,0.0,0.0,0.0,0.0,0.0,1.0,0.0,0.0,0.0,0.0,0.0,1.0,0
C70633,1,367.34,367.34,2,2.0,183.67,3.0,367.34,367.34,1.0,0.0,1.0,0.0,4.0,6.0,0.0,0.0,0.0,0.0,0.0,0.0,1.0,0.0,0.0,0.0,0.0,1.0,0.0,0.0,1.0,0.0,0.0,1
C70659,2,1853.96,926.98,8,4.0,285.76,6.5,1505.46,348.5,0.5,0.0,0.5,0.5,5.5,5.5,0.5,0.0,0.5,0.0,0.0,0.0,0.0,0.0,0.0,0.0,0.5,0.5,0.5,0.0,0.0,0.5,0.0,0
C70921,1,457.08,457.08,2,2.0,228.54,3.0,457.08,457.08,0.0,0.0,0.0,0.0,1.0,5.0,0.0,0.0,0.0,0.0,0.0,1.0,0.0,0.0,0.0,1.0,0.0,0.0,1.0,0.0,0.0,0.0,0.0,1
C70999,1,433.32,433.32,2,2.0,216.66,6.0,433.32,433.32,1.0,0.0,0.0,0.0,4.0,2.0,0.0,0.0,0.0,0.0,0.0,0.0,1.0,0.0,0.0,1.0,0.0,0.0,0.0,0.0,0.0,1.0,0.0,1
C71035,1,436.77,436.77,1,1.0,436.77,5.0,436.77,436.77,1.0,0.0,0.0,1.0,8.0,5.0,0.0,0.0,0.0,0.0,0.0,0.0,1.0,1.0,0.0,0.0,0.0,0.0,0.0,0.0,1.0,0.0,0.0,1
C71040,1,1739.4,1739.4,4,4.0,434.85,4.0,1739.4,1739.4,1.0,0.0,0.0,0.0,3.0,5.0,0.0,0.0,0.0,0.0,1.0,0.0,0.0,0.0,1.0,0.0,0.0,0.0,0.0,0.0,1.0,0.0,0.0,0
C71076,1,511.98,511.98,2,2.0,255.99,4.0,511.98,511.98,1.0,1.0,0.0,0.0,11.0,1.0,0.0,0.0,0.0,1.0,0.0,0.0,0.0,0.0,1.0,0.0,0.0,0.0,0.0,0.0,0.0,1.0,0.0,1
C71122,1,634.4,634.4,1,1.0,634.4,6.0,634.4,634.4,1.0,0.0,1.0,0.0,4.0,3.0,0.0,0.0,1.0,0.0,0.0,0.0,0.0,1.0,0.0,0.0,0.0,0.0,1.0,0.0,0.0,0.0,0.0,1
C71310,1,2922.3,2922.3,5,5.0,584.46,8.0,2922.3,2922.3,0.0,0.0,0.0,1.0,6.0,4.0,0.0,0.0,0.0,0.0,0.0,1.0,0.0,0.0,1.0,0.0,0.0,0.0,1.0,0.0,0.0,0.0,0.0,0
C71471,1,595.54,595.54,1,1.0,595.54,4.0,595.54,595.54,0.0,0.0,0.0,0.0,5.0,2.0,1.0,0.0,0.0,0.0,0.0,0.0,0.0,0.0,0.0,0.0,1.0,0.0,0.0,0.0,0.0,1.0,0.0,1
C71473,1,1709.2,1709.2,5,5.0,341.84,8.0,1709.2,1709.2,1.0,0.0,0.0,0.0,6.0,2.0,1.0,0.0,0.0,0.0,0.0,0.0,0.0,0.0,0.0,0.0,0.0,1.0,0.0,0.0,0.0,1.0,0.0,0
C71486,1,1407.96,1407.96,3,3.0,469.32,3.0,1407.96,1407.96,0.0,0.0,0.0,0.0,8.0,3.0,0.0,1.0,0.0,0.0,0.0,0.0,0.0,0.0,0.0,1.0,0.0,0.0,0.0,0.0,1.0,0.0,0.0,1
C71570,1,2137.92,2137.92,4,4.0,534.48,9.0,2137.92,2137.92,1.0,0.0,0.0,1.0,12.0,2.0,1.0,0.0,0.0,0.0,0.0,0.0,0.0,0.0,0.0,0.0,0.0,1.0,0.0,0.0,0.0,1.0,0.0,0
C71680,1,2270.28,2270.28,4,4.0,567.57,9.0,2270.28,2270.28,1.0,0.0,0.0,0.0,6.0,6.0,0.0,0.0,0.0,0.0,0.0,1.0,0.0,0.0,0.0,1.0,0.0,0.0,0.0,0.0,1.0,0.0,0.0,0
C71698,1,2446.85,2446.85,5,5.0,489.37,8.0,2446.85,2446.85,0.0,0.0,0.0,1.0,5.0,5.0,0.0,1.0,0.0,0.0,0.0,0.0,0.0,0.0,0.0,0.0,0.0,1.0,0.0,0.0,0.0,1.0,0.0,0
C71797,1,1857.16,1857.16,4,4.0,464.29,5.0,1857.16,1857.16,1.0,0.0,0.0,1.0,5.0,5.0,0.0,0.0,1.0,0.0,0.0,0.0,0.0,0.0,0.0,1.0,0.0,0.0,1.0,0.0,0.0,0.0,0.0,0
C71899,1,2004.99,2004.99,3,3.0,668.33,4.0,2004.99,2004.99,1.0,0.0,0.0,0.0,9.0,6.0,0.0,0.0,0.0,0.0,0.0,0.0,1.0,0.0,0.0,0.0,1.0,0.0,0.0,1.0,0.0,0.0,0.0,0
C72007,1,1298.55,1298.55,3,3.0,432.85,4.0,1298.55,1298.55,0.0,0.0,0.0,0.0,2.0,2.0,1.0,0.0,0.0,0.0,0.0,0.0,0.0,0.0,0.0,0.0,0.0,1.0,0.0,0.0,0.0,1.0,0.0,1
C72043,1,394.53,394.53,1,1.0,394.53,2.0,394.53,394.53,1.0,0.0,0.0,0.0,6.0,1.0,0.0,1.0,0.0,0.0,0.0,0.0,0.0,1.0,0.0,0.0,0.0,0.0,0.0,0.0,0.0,0.0,1.0,1
C72166,1,314.38,314.38,1,1.0,314.38,6.0,314.38,314.38,0.0,0.0,0.0,1.0,2.0,6.0,0.0,1.0,0.0,0.0,0.0,0.0,0.0,0.0,0.0,0.0,0.0,1.0,0.0,0.0,1.0,0.0,0.0,1
C72241,1,2709.48,2709.48,4,4.0,677.37,8.0,2709.48,2709.48,1.0,0.0,0.0,0.0,4.0,6.0,0.0,0.0,0.0,1.0,0.0,0.0,0.0,1.0,0.0,0.0,0.0,0.0,0.0,0.0,1.0,0.0,0.0,0
C72290,1,556.2,556.2,3,3.0,185.4,7.0,556.2,556.2,0.0,0.0,1.0,0.0,10.0,3.0,0.0,0.0,0.0,0.0,0.0,1.0,0.0,0.0,0.0,0.0,1.0,0.0,0.0,1.0,0.0,0.0,0.0,1
C72293,1,688.02,688.02,3,3.0,229.34,6.0,688.02,688.02,1.0,0.0,0.0,0.0,11.0,2.0,0.0,0.0,0.0,0.0,0.0,1.0,0.0,0.0,1.0,0.0,0.0,0.0,0.0,0.0,0.0,0.0,1.0,1
C72533,1,376.76,376.76,1,1.0,376.76,5.0,376.76,376.76,1.0,1.0,0.0,0.0,12.0,0.0,0.0,0.0,0.0,0.0,0.0,1.0,0.0,0.0,0.0,1.0,0.0,0.0,1.0,0.0,0.0,0.0,0.0,1
C72588,1,1574.7,1574.7,5,5.0,314.94,8.0,1574.7,1574.7,1.0,0.0,0.0,0.0,5.0,0.0,1.0,0.0,0.0,0.0,0.0,0.0,0.0,1.0,0.0,0.0,0.0,0.0,0.0,0.0,0.0,1.0,0.0,0
C72596,1,770.32,770.32,2,2.0,385.16,7.0,770.32,770.32,1.0,0.0,0.0,0.0,1.0,4.0,0.0,0.0,0.0,0.0,0.0,1.0,0.0,0.0,0.0,0.0,0.0,1.0,1.0,0.0,0.0,0.0,0.0,1
C72649,1,2853.1,2853.1,5,5.0,570.62,7.0,2853.1,2853.1,1.0,0.0,0.0,0.0,1.0,2.0,0.0,0.0,0.0,1.0,0.0,0.0,0.0,0.0,0.0,1.0,0.0,0.0,0.0,0.0,0.0,1.0,0.0,0
C72664,1,627.15,627.15,1,1.0,627.15,5.0,627.15,627.15,1.0,1.0,0.0,0.0,9.0,5.0,0.0,1.0,0.0,0.0,0.0,0.0,0.0,1.0,0.0,0.0,0.0,0.0,0.0,0.0,0.0,1.0,0.0,1
C72862,1,84.8,84.8,1,1.0,84.8,5.0,84.8,84.8,0.0,0.0,0.0,0.0,1.0,6.0,0.0,0.0,0.0,0.0,0.0,0.0,1.0,0.0,0.0,0.0,1.0,0.0,0.0,0.0,0.0,1.0,0.0,1
C73225,1,1100.36,1100.36,2,2.0,550.18,3.0,1100.36,1100.36,1.0,0.0,0.0,1.0,4.0,0.0,0.0,0.0,0.0,0.0,1.0,0.0,0.0,0.0,0.0,0.0,1.0,0.0,0.0,0.0,0.0,0.0,1.0,1
C73289,1,1945.77,1945.77,3,3.0,648.59,4.0,1945.77,1945.77,1.0,0.0,1.0,0.0,6.0,3.0,1.0,0.0,0.0,0.0,0.0,0.0,0.0,0.0,0.0,1.0,0.0,0.0,1.0,0.0,0.0,0.0,0.0,0
C73370,1,44.35,44.35,1,1.0,44.35,1.0,44.35,44.35,1.0,0.0,1.0,0.0,4.0,5.0,0.0,0.0,1.0,0.0,0.0,0.0,0.0,0.0,0.0,0.0,1.0,0.0,0.0,0.0,0.0,1.0,0.0,1
C73514,1,1395.15,1395.15,3,3.0,465.05,3.0,1395.15,1395.15,1.0,0.0,1.0,0.0,9.0,4.0,0.0,1.0,0.0,0.0,0.0,0.0,0.0,0.0,1.0,0.0,0.0,0.0,1.0,0.0,0.0,0.0,0.0,1
C73575,1,3219.45,3219.45,5,5.0,643.89,8.0,3219.45,3219.45,1.0,0.0,0.0,1.0,1.0,3.0,0.0,0.0,0.0,1.0,0.0,0.0,0.0,1.0,0.0,0.0,0.0,0.0,0.0,1.0,0.0,0.0,0.0,0
C73587,1,1632.84,1632.84,4,4.0,408.21,9.0,1632.84,1632.84,0.0,0.0,0.0,0.0,7.0,3.0,0.0,0.0,0.0,0.0,1.0,0.0,0.0,0.0,1.0,0.0,0.0,0.0,0.0,0.0,0.0,1.0,0.0,0
C73629,1,265.64,265.64,1,1.0,265.64,3.0,265.64,265.64,1.0,0.0,0.0,1.0,9.0,6.0,0.0,1.0,0.0,0.0,0.0,0.0,0.0,0.0,1.0,0.0,0.0,0.0,0.0,0.0,0.0,1.0,0.0,1
C73813,1,445.2,445.2,4,4.0,111.3,7.0,445.2,445.2,1.0,0.0,0.0,0.0,3.0,3.0,0.0,0.0,0.0,0.0,0.0,1.0,0.0,0.0,0.0,1.0,0.0,0.0,1.0,0.0,0.0,0.0,0.0,1
C73873,1,661.38,661.38,2,2.0,330.69,5.0,661.38,661.38,1.0,0.0,1.0,0.0,6.0,3.0,0.0,1.0,0.0,0.0,0.0,0.0,0.0,0.0,0.0,0.0,0.0,1.0,0.0,0.0,1.0,0.0,0.0,1
C73893,1,1638.4,1638.4,5,5.0,327.68,6.0,1638.4,1638.4,0.0,0.0,0.0,1.0,10.0,6.0,0.0,0.0,0.0,0.0,0.0,1.0,0.0,0.0,1.0,0.0,0.0,0.0,0.0,1.0,0.0,0.0,0.0,0
C73941,1,1250.44,1250.44,2,2.0,625.22,5.0,1250.44,1250.44,0.0,0.0,1.0,0.0,3.0,5.0,0.0,0.0,0.0,0.0,1.0,0.0,0.0,0.0,0.0,0.0,0.0,1.0,0.0,0.0,1.0,0.0,0.0,1
C73961,1,530.24,530.24,4,4.0,132.56,8.0,530.24,530.24,1.0,0.0,0.0,1.0,7.0,2.0,0.0,0.0,0.0,0.0,0.0,0.0,1.0,1.0,0.0,0.0,0.0,0.0,0.0,0.0,0.0,1.0,0.0,1
C73996,1,287.64,287.64,2,2.0,143.82,6.0,287.64,287.64,1.0,0.0,0.0,1.0,4.0,5.0,0.0,0.0,0.0,0.0,0.0,0.0,1.0,0.0,1.0,0.0,0.0,0.0,0.0,0.0,0.0,1.0,0.0,1
C73999,1,375.76,375.76,2,2.0,187.88,4.0,375.76,375.76,1.0,0.0,0.0,0.0,6.0,6.0,0.0,0.0,0.0,0.0,0.0,0.0,1.0,0.0,0.0,0.0,0.0,1.0,0.0,1.0,0.0,0.0,0.0,1
C74003,1,1221.28,1221.28,4,4.0,305.32,4.0,1221.28,1221.28,1.0,0.0,1.0,0.0,3.0,0.0,0.0,0.0,0.0,0.0,0.0,1.0,0.0,0.0,0.0,0.0,0.0,1.0,0.0,0.0,1.0,0.0,0.0,1
C74005,1,2240.75,2240.75,5,5.0,448.15,7.0,2240.75,2240.75,1.0,0.0,0.0,1.0,6.0,2.0,1.0,0.0,0.0,0.0,0.0,0.0,0.0,0.0,0.0,0.0,1.0,0.0,0.0,0.0,1.0,0.0,0.0,0
C74138,1,196.94,196.94,2,2.0,98.47,3.0,196.94,196.94,0.0,0.0,0.0,1.0,12.0,1.0,0.0,0.0,0.0,1.0,0.0,0.0,0.0,1.0,0.0,0.0,0.0,0.0,0.0,0.0,0.0,1.0,0.0,1
C74169,1,310.93,310.93,1,1.0,310.93,3.0,310.93,310.93,0.0,0.0,1.0,0.0,1.0,2.0,0.0,0.0,0.0,0.0,0.0,1.0,0.0,0.0,0.0,0.0,0.0,1.0,0.0,1.0,0.0,0.0,0.0,1
C74359,1,1841.25,1841.25,5,5.0,368.25,5.0,1841.25,1841.25,0.0,1.0,0.0,0.0,6.0,1.0,0.0,0.0,1.0,0.0,0.0,0.0,0.0,0.0,0.0,0.0,0.0,1.0,0.0,0.0,0.0,1.0,0.0,0
C74499,1,744.46,744.46,2,2.0,372.23,7.0,744.46,744.46,1.0,1.0,0.0,0.0,5.0,3.0,0.0,1.0,0.0,0.0,0.0,0.0,0.0,0.0,0.0,0.0,1.0,0.0,1.0,0.0,0.0,0.0,0.0,1
C74519,1,945.81,945.81,3,3.0,315.27,4.0,945.81,945.81,1.0,0.0,1.0,0.0,10.0,0.0,0.0,0.0,0.0,0.0,1.0,0.0,0.0,0.0,1.0,0.0,0.0,0.0,1.0,0.0,0.0,0.0,0.0,1
C74562,1,220.77,220.77,1,1.0,220.77,5.0,220.77,220.77,1.0,0.0,0.0,0.0,4.0,6.0,0.0,0.0,0.0,0.0,0.0,0.0,1.0,0.0,0.0,0.0,1.0,0.0,0.0,0.0,0.0,1.0,0.0,1
C74866,1,1994.37,1994.37,3,3.0,664.79,6.0,1994.37,1994.37,0.0,1.0,0.0,0.0,2.0,4.0,0.0,0.0,0.0,0.0,1.0,0.0,0.0,0.0,0.0,0.0,0.0,1.0,0.0,1.0,0.0,0.0,0.0,0
C74928,1,612.48,612.48,2,2.0,306.24,4.0,612.48,612.48,1.0,0.0,0.0,1.0,7.0,0.0,0.0,0.0,0.0,0.0,0.0,1.0,0.0,0.0,0.0,0.0,0.0,1.0,1.0,0.0,0.0,0.0,0.0,1
C74982,1,2042.8,2042.8,5,5.0,408.56,8.0,2042.8,2042.8,1.0,1.0,0.0,0.0,7.0,5.0,0.0,0.0,1.0,0.0,0.0,0.0,0.0,0.0,0.0,1.0,0.0,0.0,0.0,0.0,0.0,1.0,0.0,0
C75018,1,2007.18,2007.18,3,3.0,669.06,7.0,2007.18,2007.18,1.0,1.0,0.0,0.0,5.0,2.0,0.0,0.0,0.0,1.0,0.0,0.0,0.0,1.0,0.0,0.0,0.0,0.0,0.0,1.0,0.0,0.0,0.0,0
C75439,1,344.43,344.43,3,3.0,114.81,7.0,344.43,344.43,0.0,0.0,1.0,0.0,6.0,3.0,0.0,1.0,0.0,0.0,0.0,0.0,0.0,0.0,0.0,0.0,1.0,0.0,0.0,0.0,1.0,0.0,0.0,1
C75456,1,276.66,276.66,3,3.0,92.22,5.0,276.66,276.66,1.0,1.0,0.0,0.0,6.0,6.0,0.0,0.0,0.0,1.0,0.0,0.0,0.0,0.0,1.0,0.0,0.0,0.0,1.0,0.0,0.0,0.0,0.0,1
C75619,1,742.58,742.58,2,2.0,371.29,5.0,742.58,742.58,1.0,0.0,0.0,0.0,10.0,5.0,0.0,0.0,0.0,0.0,0.0,1.0,0.0,0.0,0.0,0.0,1.0,0.0,0.0,1.0,0.0,0.0,0.0,1
C75739,1,302.7,302.7,2,2.0,151.35,3.0,302.7,302.7,1.0,0.0,0.0,0.0,8.0,4.0,0.0,0.0,0.0,0.0,1.0,0.0,0.0,0.0,0.0,0.0,0.0,1.0,0.0,0.0,0.0,0.0,1.0,1
C75888,1,1346.7,1346.7,3,3.0,448.9,7.0,1346.7,1346.7,1.0,0.0,0.0,1.0,12.0,0.0,0.0,0.0,0.0,0.0,0.0,1.0,0.0,0.0,0.0,1.0,0.0,0.0,0.0,0.0,0.0,1.0,0.0,0
C76140,1,826.4,826.4,4,4.0,206.6,6.0,826.4,826.4,1.0,0.0,0.0,1.0,6.0,0.0,0.0,0.0,0.0,0.0,1.0,0.0,0.0,0.0,0.0,0.0,1.0,0.0,0.0,0.0,0.0,0.0,1.0,1
C76207,1,2606.25,2606.25,5,5.0,521.25,8.0,2606.25,2606.25,0.0,0.0,1.0,0.0,4.0,6.0,0.0,0.0,1.0,0.0,0.0,0.0,0.0,1.0,0.0,0.0,0.0,0.0,1.0,0.0,0.0,0.0,0.0,0
C76362,1,709.5,709.5,3,3.0,236.5,8.0,709.5,709.5,1.0,1.0,0.0,0.0,1.0,0.0,1.0,0.0,0.0,0.0,0.0,0.0,0.0,0.0,0.0,0.0,0.0,1.0,1.0,0.0,0.0,0.0,0.0,1
C76653,1,1539.4,1539.4,4,4.0,384.85,9.0,1539.4,1539.4,1.0,1.0,0.0,0.0,3.0,3.0,0.0,0.0,0.0,0.0,0.0,1.0,0.0,0.0,0.0,0.0,0.0,1.0,0.0,0.0,0.0,1.0,0.0,0
C76675,1,1991.79,1991.79,3,3.0,663.93,6.0,1991.79,1991.79,1.0,0.0,0.0,1.0,10.0,4.0,0.0,0.0,1.0,0.0,0.0,0.0,0.0,0.0,0.0,0.0,1.0,0.0,1.0,0.0,0.0,0.0,0.0,0
C76700,1,623.82,623.82,2,2.0,311.91,2.0,623.82,623.82,0.0,0.0,0.0,0.0,3.0,0.0,0.0,0.0,0.0,0.0,0.0,0.0,1.0,0.0,0.0,0.0,0.0,1.0,0.0,1.0,0.0,0.0,0.0,1
C76761,1,470.04,470.04,4,4.0,117.51,7.0,470.04,470.04,0.0,0.0,0.0,1.0,3.0,4.0,0.0,0.0,0.0,0.0,0.0,1.0,0.0,0.0,0.0,1.0,0.0,0.0,0.0,0.0,0.0,0.0,1.0,1
C76766,1,2512.48,2512.48,4,4.0,628.12,6.0,2512.48,2512.48,1.0,1.0,0.0,0.0,7.0,1.0,0.0,0.0,0.0,0.0,1.0,0.0,0.0,0.0,0.0,0.0,0.0,1.0,0.0,0.0,0.0,1.0,0.0,0
C76929,1,356.81,356.81,1,1.0,356.81,1.0,356.81,356.81,1.0,1.0,0.0,0.0,10.0,4.0,0.0,1.0,0.0,0.0,0.0,0.0,0.0,0.0,0.0,0.0,0.0,1.0,0.0,0.0,0.0,1.0,0.0,1
C77046,1,741.64,741.64,4,4.0,185.41,9.0,741.64,741.64,1.0,0.0,0.0,1.0,1.0,6.0,0.0,0.0,0.0,0.0,0.0,0.0,1.0,0.0,0.0,0.0,0.0,1.0,0.0,0.0,1.0,0.0,0.0,1
C77085,1,1050.32,1050.32,4,4.0,262.58,8.0,1050.32,1050.32,1.0,0.0,1.0,0.0,11.0,1.0,1.0,0.0,0.0,0.0,0.0,0.0,0.0,0.0,0.0,0.0,0.0,1.0,1.0,0.0,0.0,0.0,0.0,1
C77122,1,438.37,438.37,1,1.0,438.37,4.0,438.37,438.37,1.0,0.0,1.0,0.0,8.0,0.0,0.0,0.0,1.0,0.0,0.0,0.0,0.0,1.0,0.0,0.0,0.0,0.0,0.0,0.0,0.0,0.0,1.0,1
C77166,1,741.33,741.33,3,3.0,247.11,3.0,741.33,741.33,1.0,0.0,0.0,1.0,5.0,3.0,0.0,0.0,1.0,0.0,0.0,0.0,0.0,0.0,0.0,1.0,0.0,0.0,0.0,0.0,0.0,0.0,1.0,1
C77272,1,2492.4,2492.4,5,5.0,498.48,8.0,2492.4,2492.4,1.0,0.0,0.0,0.0,1.0,0.0,0.0,0.0,0.0,1.0,0.0,0.0,0.0,0.0,0.0,0.0,0.0,1.0,0.0,0.0,1.0,0.0,0.0,0
C77344,1,343.31,343.31,1,1.0,343.31,6.0,343.31,343.31,1.0,0.0,0.0,1.0,7.0,0.0,1.0,0.0,0.0,0.0,0.0,0.0,0.0,0.0,0.0,0.0,1.0,0.0,0.0,0.0,1.0,0.0,0.0,1
C77357,1,474.6,474.6,1,1.0,474.6,4.0,474.6,474.6,1.0,1.0,0.0,0.0,2.0,5.0,0.0,0.0,0.0,0.0,1.0,0.0,0.0,0.0,0.0,1.0,0.0,0.0,1.0,0.0,0.0,0.0,0.0,1
C77363,1,96.81,96.81,1,1.0,96.81,3.0,96.81,96.81,0.0,0.0,1.0,0.0,3.0,4.0,0.0,0.0,0.0,0.0,1.0,0.0,0.0,0.0,0.0,0.0,1.0,0.0,0.0,0.0,0.0,0.0,1.0,1
C77499,1,547.44,547.44,3,3.0,182.48,3.0,547.44,547.44,0.0,1.0,0.0,0.0,7.0,5.0,0.0,0.0,1.0,0.0,0.0,0.0,0.0,1.0,0.0,0.0,0.0,0.0,0.0,0.0,0.0,1.0,0.0,1
C77736,1,798.08,798.08,2,2.0,399.04,3.0,798.08,798.08,1.0,0.0,1.0,0.0,1.0,3.0,1.0,0.0,0.0,0.0,0.0,0.0,0.0,1.0,0.0,0.0,0.0,0.0,0.0,0.0,0.0,0.0,1.0,1
C77763,1,1508.31,1508.31,3,3.0,502.77,8.0,1508.31,1508.31,1.0,0.0,0.0,1.0,5.0,0.0,0.0,0.0,0.0,0.0,0.0,0.0,1.0,0.0,0.0,1.0,0.0,0.0,1.0,0.0,0.0,0.0,0.0,0
C77800,1,1378.02,1378.02,3,3.0,459.34,3.0,1378.02,1378.02,1.0,0.0,0.0,0.0,1.0,4.0,0.0,0.0,0.0,0.0,0.0,0.0,1.0,0.0,0.0,0.0,1.0,0.0,0.0,0.0,0.0,1.0,0.0,1
C77872,1,1027.18,1027.18,2,2.0,513.59,4.0,1027.18,1027.18,1.0,0.0,0.0,1.0,1.0,0.0,0.0,0.0,0.0,0.0,1.0,0.0,0.0,0.0,0.0,0.0,0.0,1.0,0.0,0.0,0.0,0.0,1.0,1
C77961,1,1087.59,1087.59,3,3.0,362.53,5.0,1087.59,1087.59,0.0,0.0,0.0,1.0,3.0,5.0,0.0,0.0,0.0,0.0,0.0,0.0,1.0,0.0,0.0,1.0,0.0,0.0,0.0,1.0,0.0,0.0,0.0,1
C78170,1,341.7,341.7,5,5.0,68.34,6.0,341.7,341.7,1.0,0.0,0.0,0.0,2.0,5.0,1.0,0.0,0.0,0.0,0.0,0.0,0.0,0.0,0.0,1.0,0.0,0.0,0.0,0.0,0.0,0.0,1.0,1
C78305,1,1092.42,1092.42,3,3.0,364.14,7.0,1092.42,1092.42,1.0,0.0,0.0,0.0,5.0,2.0,0.0,0.0,1.0,0.0,0.0,0.0,0.0,0.0,0.0,0.0,0.0,1.0,0.0,0.0,0.0,0.0,1.0,1
C78500,1,2512.35,2512.35,5,5.0,502.47,10.0,2512.35,2512.35,1.0,0.0,0.0,0.0,12.0,4.0,0.0,0.0,0.0,1.0,0.0,0.0,0.0,0.0,0.0,0.0,0.0,1.0,1.0,0.0,0.0,0.0,0.0,0
C78684,1,1765.32,1765.32,3,3.0,588.44,8.0,1765.32,1765.32,1.0,0.0,0.0,0.0,5.0,0.0,1.0,0.0,0.0,0.0,0.0,0.0,0.0,0.0,0.0,0.0,1.0,0.0,0.0,0.0,1.0,0.0,0.0,0
C78724,1,1266.39,1266.39,3,3.0,422.13,7.0,1266.39,1266.39,1.0,1.0,0.0,0.0,4.0,5.0,0.0,0.0,0.0,0.0,0.0,1.0,0.0,0.0,0.0,0.0,0.0,1.0,0.0,1.0,0.0,0.0,0.0,0
C78725,1,1880.36,1880.36,4,4.0,470.09,4.0,1880.36,1880.36,1.0,1.0,0.0,0.0,6.0,6.0,0.0,0.0,0.0,0.0,1.0,0.0,0.0,0.0,0.0,1.0,0.0,0.0,0.0,0.0,1.0,0.0,0.0,0
C78959,1,632.4,632.4,2,2.0,316.2,2.0,632.4,632.4,0.0,0.0,0.0,1.0,6.0,1.0,0.0,0.0,0.0,0.0,1.0,0.0,0.0,0.0,0.0,0.0,0.0,1.0,0.0,0.0,0.0,1.0,0.0,1
C79142,1,569.96,569.96,1,1.0,569.96,4.0,569.96,569.96,1.0,1.0,0.0,0.0,4.0,3.0,0.0,0.0,1.0,0.0,0.0,0.0,0.0,0.0,0.0,0.0,0.0,1.0,1.0,0.0,0.0,0.0,0.0,1
C79475,1,2542.95,2542.95,5,5.0,508.59,8.0,2542.95,2542.95,1.0,0.0,0.0,1.0,4.0,6.0,0.0,0.0,1.0,0.0,0.0,0.0,0.0,1.0,0.0,0.0,0.0,0.0,0.0,1.0,0.0,0.0,0.0,0
C79506,1,746.34,746.34,2,2.0,373.17,6.0,746.34,746.34,1.0,0.0,0.0,0.0,7.0,1.0,0.0,0.0,1.0,0.0,0.0,0.0,0.0,0.0,1.0,0.0,0.0,0.0,0.0,0.0,0.0,0.0,1.0,1
C79508,1,135.17,135.17,1,1.0,135.17,6.0,135.17,135.17,1.0,0.0,0.0,0.0,6.0,5.0,0.0,0.0,0.0,0.0,0.0,1.0,0.0,0.0,0.0,0.0,0.0,1.0,0.0,0.0,0.0,1.0,0.0,1
C79533,1,3008.6,3008.6,5,5.0,601.72,5.0,3008.6,3008.6,1.0,0.0,1.0,0.0,4.0,2.0,0.0,0.0,1.0,0.0,0.0,0.0,0.0,0.0,0.0,0.0,1.0,0.0,0.0,0.0,0.0,1.0,0.0,0
C79674,1,873.68,873.68,2,2.0,436.84,2.0,873.68,873.68,1.0,1.0,0.0,0.0,7.0,3.0,0.0,0.0,0.0,0.0,0.0,0.0,1.0,0.0,0.0,0.0,0.0,1.0,0.0,0.0,0.0,1.0,0.0,1
C79722,1,1382.2,1382.2,5,5.0,276.44,10.0,1382.2,1382.2,1.0,0.0,0.0,0.0,8.0,6.0,0.0,0.0,0.0,0.0,0.0,0.0,1.0,0.0,0.0,0.0,1.0,0.0,0.0,0.0,0.0,0.0,1.0,0
C79821,1,531.18,531.18,1,1.0,531.18,6.0,531.18,531.18,1.0,0.0,0.0,1.0,2.0,5.0,1.0,0.0,0.0,0.0,0.0,0.0,0.0,0.0,0.0,0.0,1.0,0.0,0.0,0.0,0.0,1.0,0.0,1
C79842,1,945.64,945.64,4,4.0,236.41,7.0,945.64,945.64,1.0,0.0,0.0,0.0,11.0,1.0,0.0,0.0,0.0,0.0,0.0,1.0,0.0,0.0,0.0,1.0,0.0,0.0,0.0,0.0,1.0,0.0,0.0,1
C79909,1,137.62,137.62,2,2.0,68.81,5.0,137.62,137.62,1.0,0.0,0.0,0.0,8.0,4.0,0.0,0.0,0.0,0.0,0.0,1.0,0.0,0.0,0.0,0.0,1.0,0.0,0.0,0.0,0.0,0.0,1.0,1
C80004,1,2052.42,2052.42,3,3.0,684.14,3.0,2052.42,2052.42,1.0,0.0,1.0,0.0,11.0,5.0,0.0,0.0,0.0,0.0,0.0,1.0,0.0,1.0,0.0,0.0,0.0,0.0,0.0,0.0,0.0,1.0,0.0,0
C80135,1,1107.55,1107.55,5,5.0,221.51,5.0,1107.55,1107.55,1.0,0.0,0.0,1.0,8.0,6.0,0.0,0.0,1.0,0.0,0.0,0.0,0.0,1.0,0.0,0.0,0.0,0.0,0.0,0.0,0.0,0.0,1.0,0
C80151,1,1723.32,1723.32,4,4.0,430.83,8.0,1723.32,1723.32,1.0,0.0,0.0,0.0,6.0,5.0,0.0,0.0,0.0,0.0,0.0,0.0,1.0,0.0,0.0,0.0,1.0,0.0,0.0,0.0,0.0,0.0,1.0,0
C80183,1,365.57,365.57,1,1.0,365.57,5.0,365.57,365.57,1.0,0.0,1.0,0.0,12.0,1.0,0.0,0.0,1.0,0.0,0.0,0.0,0.0,0.0,0.0,0.0,0.0,1.0,1.0,0.0,0.0,0.0,0.0,1
C80223,1,2651.76,2651.76,4,4.0,662.94,8.0,2651.76,2651.76,1.0,0.0,1.0,0.0,4.0,4.0,0.0,1.0,0.0,0.0,0.0,0.0,0.0,1.0,0.0,0.0,0.0,0.0,0.0,0.0,0.0,1.0,0.0,0
C80416,1,1087.15,1087.15,5,5.0,217.43,10.0,1087.15,1087.15,1.0,0.0,0.0,0.0,4.0,1.0,0.0,1.0,0.0,0.0,0.0,0.0,0.0,0.0,0.0,1.0,0.0,0.0,0.0,0.0,0.0,1.0,0.0,0
C80649,1,312.11,312.11,1,1.0,312.11,4.0,312.11,312.11,1.0,0.0,1.0,0.0,5.0,5.0,0.0,0.0,0.0,0.0,1.0,0.0,0.0,0.0,0.0,0.0,0.0,1.0,0.0,1.0,0.0,0.0,0.0,1
C80651,1,1194.51,1194.51,3,3.0,398.17,5.0,1194.51,1194.51,1.0,1.0,0.0,0.0,9.0,1.0,0.0,0.0,0.0,0.0,0.0,0.0,1.0,0.0,0.0,1.0,0.0,0.0,1.0,0.0,0.0,0.0,0.0,1
C80735,1,130.14,130.14,2,2.0,65.07,4.0,130.14,130.14,1.0,0.0,1.0,0.0,11.0,5.0,1.0,0.0,0.0,0.0,0.0,0.0,0.0,0.0,1.0,0.0,0.0,0.0,0.0,0.0,1.0,0.0,0.0,1
C80868,1,1420.47,1420.47,3,3.0,473.49,7.0,1420.47,1420.47,0.0,0.0,0.0,0.0,5.0,2.0,0.0,0.0,0.0,1.0,0.0,0.0,0.0,0.0,1.0,0.0,0.0,0.0,1.0,0.0,0.0,0.0,0.0,0
C80872,1,1984.3,1984.3,5,5.0,396.86,9.0,1984.3,1984.3,1.0,0.0,1.0,0.0,8.0,1.0,0.0,1.0,0.0,0.0,0.0,0.0,0.0,1.0,0.0,0.0,0.0,0.0,0.0,0.0,0.0,1.0,0.0,0
C80987,1,132.05,132.05,1,1.0,132.05,2.0,132.05,132.05,0.0,1.0,0.0,0.0,3.0,4.0,0.0,0.0,1.0,0.0,0.0,0.0,0.0,0.0,0.0,0.0,0.0,1.0,0.0,0.0,1.0,0.0,0.0,1
C81074,1,157.72,157.72,1,1.0,157.72,2.0,157.72,157.72,1.0,1.0,0.0,0.0,2.0,3.0,0.0,1.0,0.0,0.0,0.0,0.0,0.0,0.0,0.0,1.0,0.0,0.0,0.0,0.0,1.0,0.0,0.0,1
C81192,1,1939.02,1939.02,3,3.0,646.34,5.0,1939.02,1939.02,0.0,0.0,0.0,0.0,11.0,1.0,1.0,0.0,0.0,0.0,0.0,0.0,0.0,0.0,0.0,1.0,0.0,0.0,0.0,0.0,1.0,0.0,0.0,0
C81319,1,1342.15,1342.15,5,5.0,268.43,5.0,1342.15,1342.15,1.0,0.0,0.0,1.0,3.0,5.0,0.0,0.0,0.0,0.0,0.0,1.0,0.0,1.0,0.0,0.0,0.0,0.0,1.0,0.0,0.0,0.0,0.0,0
C81366,1,410.6,410.6,1,1.0,410.6,2.0,410.6,410.6,1.0,0.0,1.0,0.0,1.0,6.0,0.0,0.0,0.0,1.0,0.0,0.0,0.0,0.0,0.0,0.0,0.0,1.0,0.0,0.0,0.0,0.0,1.0,1
C81370,1,2532.25,2532.25,5,5.0,506.45,7.0,2532.25,2532.25,1.0,0.0,0.0,0.0,12.0,3.0,0.0,0.0,0.0,1.0,0.0,0.0,0.0,0.0,0.0,0.0,1.0,0.0,0.0,0.0,1.0,0.0,0.0,0
C81547,1,510.52,510.52,2,2.0,255.26,6.0,510.52,510.52,1.0,0.0,1.0,0.0,1.0,4.0,0.0,0.0,0.0,0.0,1.0,0.0,0.0,0.0,1.0,0.0,0.0,0.0,0.0,0.0,1.0,0.0,0.0,1
C81573,1,36.65,36.65,1,1.0,36.65,1.0,36.65,36.65,1.0,0.0,1.0,0.0,12.0,3.0,1.0,0.0,0.0,0.0,0.0,0.0,0.0,0.0,0.0,0.0,0.0,1.0,1.0,0.0,0.0,0.0,0.0,1
C81726,1,2161.36,2161.36,4,4.0,540.34,6.0,2161.36,2161.36,1.0,0.0,0.0,0.0,6.0,4.0,1.0,0.0,0.0,0.0,0.0,0.0,0.0,0.0,0.0,0.0,1.0,0.0,0.0,0.0,0.0,0.0,1.0,0
C81728,1,2753.4,2753.4,5,5.0,550.68,8.0,2753.4,2753.4,1.0,0.0,1.0,0.0,2.0,1.0,0.0,0.0,0.0,0.0,0.0,0.0,1.0,0.0,1.0,0.0,0.0,0.0,1.0,0.0,0.0,0.0,0.0,0
C81840,1,2504.04,2504.04,4,4.0,626.01,8.0,2504.04,2504.04,1.0,1.0,0.0,0.0,5.0,3.0,0.0,0.0,0.0,0.0,0.0,1.0,0.0,0.0,0.0,0.0,0.0,1.0,1.0,0.0,0.0,0.0,0.0,0
C81857,1,1127.64,1127.64,2,2.0,563.82,3.0,1127.64,1127.64,0.0,0.0,0.0,0.0,6.0,0.0,0.0,1.0,0.0,0.0,0.0,0.0,0.0,0.0,1.0,0.0,0.0,0.0,0.0,0.0,0.0,1.0,0.0,1
C81882,1,463.92,463.92,3,3.0,154.64,6.0,463.92,463.92,1.0,0.0,0.0,0.0,11.0,3.0,1.0,0.0,0.0,0.0,0.0,0.0,0.0,0.0,0.0,1.0,0.0,0.0,0.0,1.0,0.0,0.0,0.0,1
C82068,1,408.13,408.13,1,1.0,408.13,3.0,408.13,408.13,1.0,0.0,0.0,0.0,1.0,0.0,1.0,0.0,0.0,0.0,0.0,0.0,0.0,0.0,0.0,0.0,1.0,0.0,0.0,0.0,0.0,1.0,0.0,1
C82217,1,1717.48,1717.48,4,4.0,429.37,8.0,1717.48,1717.48,1.0,1.0,0.0,0.0,10.0,3.0,0.0,0.0,0.0,0.0,1.0,0.0,0.0,0.0,1.0,0.0,0.0,0.0,0.0,0.0,1.0,0.0,0.0,0
C82313,1,197.58,197.58,3,3.0,65.86,8.0,197.58,197.58,1.0,0.0,0.0,0.0,7.0,3.0,1.0,0.0,0.0,0.0,0.0,0.0,0.0,0.0,0.0,0.0,0.0,1.0,0.0,0.0,1.0,0.0,0.0,1
C82318,1,528.06,528.06,1,1.0,528.06,2.0,528.06,528.06,0.0,0.0,0.0,0.0,2.0,6.0,0.0,0.0,0.0,0.0,1.0,0.0,0.0,0.0,1.0,0.0,0.0,0.0,0.0,1.0,0.0,0.0,0.0,1
C82344,1,2028.63,2028.63,3,3.0,676.21,5.0,2028.63,2028.63,1.0,1.0,0.0,0.0,11.0,6.0,0.0,0.0,0.0,1.0,0.0,0.0,0.0,0.0,0.0,0.0,0.0,1.0,0.0,0.0,1.0,0.0,0.0,0
C82399,1,158.68,158.68,1,1.0,158.68,6.0,158.68,158.68,1.0,0.0,0.0,1.0,3.0,4.0,0.0,0.0,0.0,1.0,0.0,0.0,0.0,0.0,1.0,0.0,0.0,0.0,0.0,0.0,0.0,1.0,0.0,1
C82550,1,667.66,667.66,2,2.0,333.83,4.0,667.66,667.66,1.0,0.0,1.0,0.0,8.0,2.0,0.0,0.0,0.0,0.0,1.0,0.0,0.0,0.0,0.0,0.0,1.0,0.0,0.0,0.0,0.0,0.0,1.0,1
C82685,1,475.98,475.98,3,3.0,158.66,7.0,475.98,475.98,1.0,1.0,0.0,0.0,5.0,5.0,0.0,1.0,0.0,0.0,0.0,0.0,0.0,0.0,0.0,0.0,1.0,0.0,1.0,0.0,0.0,0.0,0.0,1
C82781,1,109.68,109.68,4,4.0,27.42,4.0,109.68,109.68,1.0,0.0,0.0,0.0,4.0,3.0,0.0,0.0,0.0,1.0,0.0,0.0,0.0,0.0,0.0,1.0,0.0,0.0,0.0,0.0,0.0,0.0,1.0,1
C82858,1,593.91,593.91,3,3.0,197.97,5.0,593.91,593.91,0.0,0.0,1.0,0.0,8.0,3.0,1.0,0.0,0.0,0.0,0.0,0.0,0.0,0.0,0.0,0.0,0.0,1.0,0.0,0.0,1.0,0.0,0.0,1
C82921,1,208.36,208.36,1,1.0,208.36,4.0,208.36,208.36,1.0,0.0,0.0,0.0,10.0,4.0,0.0,0.0,0.0,1.0,0.0,0.0,0.0,0.0,0.0,0.0,0.0,1.0,1.0,0.0,0.0,0.0,0.0,1
C82990,1,300.1,300.1,2,2.0,150.05,4.0,300.1,300.1,1.0,0.0,1.0,0.0,1.0,0.0,0.0,0.0,1.0,0.0,0.0,0.0,0.0,0.0,1.0,0.0,0.0,0.0,0.0,1.0,0.0,0.0,0.0,1
C83026,1,1686.9,1686.9,5,5.0,337.38,5.0,1686.9,1686.9,0.0,0.0,0.0,0.0,4.0,6.0,0.0,0.0,0.0,0.0,0.0,1.0,0.0,0.0,0.0,0.0,1.0,0.0,0.0,0.0,0.0,0.0,1.0,0
C83223,1,650.84,650.84,4,4.0,162.71,7.0,650.84,650.84,1.0,0.0,1.0,0.0,4.0,3.0,0.0,0.0,0.0,0.0,1.0,0.0,0.0,1.0,0.0,0.0,0.0,0.0,1.0,0.0,0.0,0.0,0.0,1
C83492,1,664.42,664.42,1,1.0,664.42,6.0,664.42,664.42,1.0,0.0,0.0,1.0,6.0,1.0,0.0,0.0,1.0,0.0,0.0,0.0,0.0,0.0,0.0,0.0,1.0,0.0,0.0,1.0,0.0,0.0,0.0,1
C83548,1,144.25,144.25,1,1.0,144.25,2.0,144.25,144.25,1.0,0.0,0.0,1.0,10.0,6.0,0.0,0.0,1.0,0.0,0.0,0.0,0.0,1.0,0.0,0.0,0.0,0.0,0.0,0.0,0.0,0.0,1.0,1
C83556,1,1059.16,1059.16,4,4.0,264.79,5.0,1059.16,1059.16,1.0,0.0,0.0,0.0,2.0,5.0,0.0,0.0,0.0,0.0,0.0,1.0,0.0,0.0,1.0,0.0,0.0,0.0,0.0,0.0,1.0,0.0,0.0,1
C83653,1,925.04,925.04,4,4.0,231.26,6.0,925.04,925.04,1.0,0.0,0.0,0.0,5.0,1.0,0.0,0.0,0.0,0.0,0.0,0.0,1.0,0.0,0.0,0.0,0.0,1.0,0.0,0.0,1.0,0.0,0.0,1
C83911,1,2799.52,2799.52,4,4.0,699.88,5.0,2799.52,2799.52,1.0,0.0,0.0,0.0,6.0,3.0,0.0,0.0,0.0,0.0,0.0,0.0,1.0,1.0,0.0,0.0,0.0,0.0,0.0,0.0,0.0,0.0,1.0,0
C84041,1,1001.6,1001.6,2,2.0,500.8,3.0,1001.6,1001.6,1.0,1.0,0.0,0.0,2.0,0.0,0.0,0.0,1.0,0.0,0.0,0.0,0.0,1.0,0.0,0.0,0.0,0.0,0.0,0.0,0.0,0.0,1.0,1
C84115,1,1362.87,1362.87,3,3.0,454.29,4.0,1362.87,1362.87,1.0,0.0,0.0,0.0,6.0,3.0,1.0,0.0,0.0,0.0,0.0,0.0,0.0,0.0,1.0,0.0,0.0,0.0,0.0,0.0,1.0,0.0,0.0,0
C84134,1,2772.28,2772.28,4,4.0,693.07,8.0,2772.28,2772.28,1.0,0.0,0.0,0.0,3.0,6.0,0.0,0.0,1.0,0.0,0.0,0.0,0.0,0.0,0.0,0.0,0.0,1.0,0.0,0.0,0.0,1.0,0.0,0
C84320,1,208.95,208.95,3,3.0,69.65,7.0,208.95,208.95,1.0,1.0,0.0,0.0,10.0,5.0,1.0,0.0,0.0,0.0,0.0,0.0,0.0,1.0,0.0,0.0,0.0,0.0,0.0,0.0,0.0,1.0,0.0,1
C84329,1,431.44,431.44,1,1.0,431.44,3.0,431.44,431.44,1.0,0.0,0.0,0.0,3.0,2.0,0.0,1.0,0.0,0.0,0.0,0.0,0.0,0.0,0.0,0.0,1.0,0.0,0.0,1.0,0.0,0.0,0.0,1
C84331,1,3223.2,3223.2,5,5.0,644.64,6.0,3223.2,3223.2,1.0,0.0,1.0,0.0,2.0,5.0,1.0,0.0,0.0,0.0,0.0,0.0,0.0,0.0,0.0,0.0,1.0,0.0,1.0,0.0,0.0,0.0,0.0,0
C84480,1,2342.55,2342.55,5,5.0,468.51,9.0,2342.55,2342.55,0.0,1.0,0.0,0.0,4.0,3.0,1.0,0.0,0.0,0.0,0.0,0.0,0.0,0.0,0.0,1.0,0.0,0.0,0.0,1.0,0.0,0.0,0.0,0
C84524,1,2071.92,2071.92,4,4.0,517.98,8.0,2071.92,2071.92,1.0,0.0,1.0,0.0,6.0,6.0,0.0,0.0,0.0,0.0,0.0,1.0,0.0,1.0,0.0,0.0,0.0,0.0,0.0,1.0,0.0,0.0,0.0,0
C84563,1,472.66,472.66,2,2.0,236.33,3.0,472.66,472.66,1.0,0.0,0.0,0.0,4.0,2.0,0.0,0.0,0.0,0.0,0.0,1.0,0.0,0.0,0.0,0.0,0.0,1.0,0.0,0.0,0.0,1.0,0.0,1
C84570,1,120.2,120.2,4,4.0,30.05,6.0,120.2,120.2,0.0,0.0,0.0,1.0,12.0,1.0,0.0,0.0,0.0,0.0,0.0,1.0,0.0,0.0,0.0,0.0,0.0,1.0,0.0,1.0,0.0,0.0,0.0,1
C84630,1,2592.75,2592.75,5,5.0,518.55,6.0,2592.75,2592.75,1.0,0.0,1.0,0.0,1.0,6.0,0.0,0.0,1.0,0.0,0.0,0.0,0.0,0.0,1.0,0.0,0.0,0.0,0.0,0.0,0.0,1.0,0.0,0
C84645,1,822.98,822.98,2,2.0,411.49,4.0,822.98,822.98,0.0,0.0,0.0,1.0,4.0,2.0,0.0,0.0,0.0,0.0,0.0,0.0,1.0,0.0,1.0,0.0,0.0,0.0,0.0,0.0,0.0,1.0,0.0,1
C84700,1,1599.85,1599.85,5,5.0,319.97,7.0,1599.85,1599.85,1.0,0.0,0.0,0.0,1.0,2.0,0.0,0.0,0.0,0.0,0.0,1.0,0.0,1.0,0.0,0.0,0.0,0.0,0.0,0.0,1.0,0.0,0.0,0
C84766,1,688.04,688.04,2,2.0,344.02,4.0,688.04,688.04,1.0,1.0,0.0,0.0,8.0,6.0,0.0,1.0,0.0,0.0,0.0,0.0,0.0,0.0,0.0,0.0,0.0,1.0,0.0,0.0,0.0,1.0,0.0,1
C84834,1,409.02,409.02,3,3.0,136.34,8.0,409.02,409.02,1.0,0.0,0.0,1.0,3.0,2.0,0.0,0.0,0.0,0.0,0.0,0.0,1.0,0.0,0.0,1.0,0.0,0.0,0.0,0.0,0.0,0.0,1.0,1
C84888,1,51.73,51.73,1,1.0,51.73,1.0,51.73,51.73,1.0,0.0,0.0,0.0,4.0,4.0,0.0,0.0,1.0,0.0,0.0,0.0,0.0,0.0,0.0,1.0,0.0,0.0,0.0,1.0,0.0,0.0,0.0,1
C84908,1,420.26,420.26,1,1.0,420.26,4.0,420.26,420.26,1.0,0.0,0.0,0.0,1.0,1.0,0.0,0.0,0.0,0.0,1.0,0.0,0.0,0.0,1.0,0.0,0.0,0.0,0.0,1.0,0.0,0.0,0.0,1
C85018,1,824.25,824.25,3,3.0,274.75,3.0,824.25,824.25,1.0,0.0,1.0,0.0,11.0,2.0,0.0,0.0,1.0,0.0,0.0,0.0,0.0,1.0,0.0,0.0,0.0,0.0,0.0,0.0,1.0,0.0,0.0,1
C85059,1,987.4,987.4,4,4.0,246.85,8.0,987.4,987.4,1.0,0.0,0.0,0.0,4.0,4.0,0.0,0.0,1.0,0.0,0.0,0.0,0.0,0.0,1.0,0.0,0.0,0.0,0.0,0.0,1.0,0.0,0.0,1
C85074,1,934.8,934.8,4,4.0,233.7,8.0,934.8,934.8,1.0,0.0,0.0,0.0,3.0,2.0,0.0,0.0,1.0,0.0,0.0,0.0,0.0,0.0,0.0,0.0,0.0,1.0,0.0,1.0,0.0,0.0,0.0,1
C85282,1,3143.7,3143.7,5,5.0,628.74,9.0,3143.7,3143.7,1.0,0.0,1.0,0.0,11.0,4.0,0.0,0.0,0.0,0.0,1.0,0.0,0.0,1.0,0.0,0.0,0.0,0.0,0.0,1.0,0.0,0.0,0.0,0
C85322,1,813.06,813.06,3,3.0,271.02,6.0,813.06,813.06,0.0,0.0,1.0,0.0,5.0,0.0,0.0,0.0,0.0,1.0,0.0,0.0,0.0,0.0,1.0,0.0,0.0,0.0,0.0,0.0,1.0,0.0,0.0,1
C85330,1,1140.45,1140.45,5,5.0,228.09,9.0,1140.45,1140.45,1.0,0.0,0.0,1.0,3.0,6.0,0.0,1.0,0.0,0.0,0.0,0.0,0.0,0.0,0.0,0.0,1.0,0.0,0.0,1.0,0.0,0.0,0.0,0
C85421,1,1641.45,1641.45,3,3.0,547.15,4.0,1641.45,1641.45,1.0,0.0,0.0,0.0,10.0,0.0,0.0,0.0,0.0,0.0,0.0,0.0,1.0,0.0,0.0,0.0,0.0,1.0,0.0,0.0,0.0,1.0,0.0,0
C85466,1,441.87,441.87,3,3.0,147.29,3.0,441.87,441.87,1.0,0.0,0.0,0.0,10.0,4.0,0.0,1.0,0.0,0.0,0.0,0.0,0.0,0.0,0.0,0.0,1.0,0.0,0.0,0.0,1.0,0.0,0.0,1
C85520,1,1862.64,1862.64,4,4.0,465.66,9.0,1862.64,1862.64,1.0,0.0,0.0,1.0,9.0,3.0,0.0,0.0,0.0,0.0,1.0,0.0,0.0,0.0,0.0,0.0,0.0,1.0,1.0,0.0,0.0,0.0,0.0,0
C85841,1,2597.88,2597.88,4,4.0,649.47,8.0,2597.88,2597.88,1.0,0.0,0.0,0.0,1.0,5.0,1.0,0.0,0.0,0.0,0.0,0.0,0.0,1.0,0.0,0.0,0.0,0.0,0.0,0.0,1.0,0.0,0.0,0
C85863,1,397.44,397.44,3,3.0,132.48,4.0,397.44,397.44,0.0,0.0,0.0,0.0,2.0,5.0,0.0,0.0,0.0,0.0,0.0,1.0,0.0,0.0,0.0,0.0,0.0,1.0,0.0,0.0,0.0,0.0,1.0,1
C85929,1,440.73,440.73,3,3.0,146.91,6.0,440.73,440.73,1.0,1.0,0.0,0.0,3.0,5.0,0.0,0.0,0.0,0.0,0.0,1.0,0.0,0.0,1.0,0.0,0.0,0.0,0.0,0.0,1.0,0.0,0.0,1
C85993,1,2189.28,2189.28,4,4.0,547.32,8.0,2189.28,2189.28,1.0,0.0,0.0,1.0,8.0,6.0,0.0,0.0,0.0,0.0,0.0,0.0,1.0,1.0,0.0,0.0,0.0,0.0,0.0,0.0,0.0,1.0,0.0,0
C86064,1,834.12,834.12,3,3.0,278.04,5.0,834.12,834.12,0.0,1.0,0.0,0.0,7.0,3.0,0.0,1.0,0.0,0.0,0.0,0.0,0.0,0.0,0.0,0.0,0.0,1.0,0.0,0.0,0.0,1.0,0.0,1
C86266,1,1618.32,1618.32,4,4.0,404.58,5.0,1618.32,1618.32,1.0,0.0,0.0,0.0,7.0,2.0,1.0,0.0,0.0,0.0,0.0,0.0,0.0,1.0,0.0,0.0,0.0,0.0,0.0,0.0,0.0,1.0,0.0,0
C86374,1,1363.85,1363.85,5,5.0,272.77,7.0,1363.85,1363.85,1.0,0.0,0.0,0.0,9.0,2.0,0.0,1.0,0.0,0.0,0.0,0.0,0.0,1.0,0.0,0.0,0.0,0.0,1.0,0.0,0.0,0.0,0.0,0
C86408,1,84.28,84.28,4,4.0,21.07,4.0,84.28,84.28,1.0,1.0,0.0,0.0,2.0,4.0,0.0,0.0,0.0,0.0,0.0,0.0,1.0,0.0,0.0,0.0,1.0,0.0,0.0,0.0,1.0,0.0,0.0,1
C86481,1,171.59,171.59,1,1.0,171.59,5.0,171.59,171.59,1.0,0.0,0.0,0.0,7.0,2.0,0.0,0.0,0.0,0.0,1.0,0.0,0.0,0.0,1.0,0.0,0.0,0.0,1.0,0.0,0.0,0.0,0.0,1
C86524,1,732.46,732.46,2,2.0,366.23,2.0,732.46,732.46,1.0,0.0,0.0,0.0,11.0,2.0,1.0,0.0,0.0,0.0,0.0,0.0,0.0,1.0,0.0,0.0,0.0,0.0,1.0,0.0,0.0,0.0,0.0,1
C86762,1,2043.65,2043.65,5,5.0,408.73,10.0,2043.65,2043.65,1.0,1.0,0.0,0.0,10.0,4.0,0.0,0.0,0.0,1.0,0.0,0.0,0.0,0.0,0.0,0.0,1.0,0.0,0.0,0.0,0.0,1.0,0.0,0
C86773,1,789.44,789.44,4,4.0,197.36,9.0,789.44,789.44,1.0,0.0,0.0,1.0,6.0,4.0,0.0,0.0,0.0,0.0,1.0,0.0,0.0,0.0,0.0,0.0,1.0,0.0,0.0,0.0,0.0,1.0,0.0,1
C86864,1,92.72,92.72,2,2.0,46.36,4.0,92.72,92.72,1.0,0.0,0.0,1.0,4.0,4.0,0.0,0.0,0.0,0.0,0.0,1.0,0.0,0.0,0.0,0.0,1.0,0.0,0.0,0.0,1.0,0.0,0.0,1
C87011,1,101.16,101.16,4,4.0,25.29,8.0,101.16,101.16,0.0,0.0,0.0,0.0,2.0,5.0,0.0,0.0,0.0,1.0,0.0,0.0,0.0,0.0,1.0,0.0,0.0,0.0,0.0,0.0,1.0,0.0,0.0,1
C87051,1,72.31,72.31,1,1.0,72.31,1.0,72.31,72.31,1.0,0.0,1.0,0.0,5.0,4.0,0.0,0.0,0.0,0.0,0.0,1.0,0.0,0.0,0.0,0.0,1.0,0.0,0.0,1.0,0.0,0.0,0.0,1
C87124,1,198.51,198.51,1,1.0,198.51,5.0,198.51,198.51,1.0,0.0,0.0,1.0,4.0,1.0,0.0,0.0,0.0,0.0,1.0,0.0,0.0,0.0,1.0,0.0,0.0,0.0,0.0,0.0,0.0,1.0,0.0,1
C87181,1,2619.16,2619.16,4,4.0,654.79,9.0,2619.16,2619.16,0.0,0.0,0.0,0.0,7.0,3.0,0.0,1.0,0.0,0.0,0.0,0.0,0.0,1.0,0.0,0.0,0.0,0.0,0.0,0.0,0.0,0.0,1.0,0
C87216,1,1580.35,1580.35,5,5.0,316.07,10.0,1580.35,1580.35,0.0,0.0,0.0,1.0,3.0,5.0,0.0,0.0,0.0,0.0,0.0,0.0,1.0,1.0,0.0,0.0,0.0,0.0,0.0,0.0,1.0,0.0,0.0,0
C87281,1,3243.25,3243.25,5,5.0,648.65,7.0,3243.25,3243.25,0.0,0.0,0.0,0.0,1.0,0.0,0.0,0.0,1.0,0.0,0.0,0.0,0.0,0.0,0.0,0.0,0.0,1.0,0.0,0.0,0.0,0.0,1.0,0
C87432,1,1208.2,1208.2,4,4.0,302.05,6.0,1208.2,1208.2,1.0,0.0,1.0,0.0,6.0,4.0,1.0,0.0,0.0,0.0,0.0,0.0,0.0,0.0,0.0,1.0,0.0,0.0,0.0,0.0,1.0,0.0,0.0,0
C87448,1,450.07,450.07,1,1.0,450.07,6.0,450.07,450.07,1.0,0.0,0.0,0.0,6.0,2.0,0.0,0.0,0.0,0.0,1.0,0.0,0.0,0.0,0.0,0.0,1.0,0.0,0.0,0.0,1.0,0.0,0.0,1
C87524,1,625.0,625.0,1,1.0,625.0,5.0,625.0,625.0,1.0,0.0,0.0,1.0,1.0,3.0,0.0,0.0,0.0,0.0,1.0,0.0,0.0,0.0,0.0,0.0,0.0,1.0,0.0,0.0,1.0,0.0,0.0,1
C87529,1,987.64,987.64,4,4.0,246.91,8.0,987.64,987.64,1.0,0.0,0.0,0.0,6.0,0.0,1.0,0.0,0.0,0.0,0.0,0.0,0.0,0.0,0.0,0.0,0.0,1.0,0.0,0.0,0.0,0.0,1.0,1
C87547,1,380.12,380.12,4,4.0,95.03,8.0,380.12,380.12,1.0,0.0,0.0,0.0,1.0,3.0,0.0,0.0,0.0,1.0,0.0,0.0,0.0,0.0,0.0,0.0,0.0,1.0,0.0,1.0,0.0,0.0,0.0,1
C87687,1,1137.21,1137.21,3,3.0,379.07,3.0,1137.21,1137.21,1.0,0.0,0.0,0.0,12.0,0.0,0.0,0.0,1.0,0.0,0.0,0.0,0.0,0.0,0.0,0.0,1.0,0.0,0.0,0.0,1.0,0.0,0.0,1
C87764,1,206.82,206.82,2,2.0,103.41,2.0,206.82,206.82,1.0,0.0,0.0,0.0,2.0,0.0,0.0,0.0,0.0,0.0,0.0,0.0,1.0,0.0,0.0,0.0,0.0,1.0,0.0,0.0,0.0,0.0,1.0,1
C87777,1,816.64,816.64,2,2.0,408.32,3.0,816.64,816.64,1.0,0.0,0.0,0.0,10.0,1.0,0.0,1.0,0.0,0.0,0.0,0.0,0.0,0.0,0.0,0.0,0.0,1.0,0.0,1.0,0.0,0.0,0.0,1
C87994,1,2392.76,2392.76,4,4.0,598.19,7.0,2392.76,2392.76,1.0,1.0,0.0,0.0,10.0,3.0,1.0,0.0,0.0,0.0,0.0,0.0,0.0,0.0,1.0,0.0,0.0,0.0,1.0,0.0,0.0,0.0,0.0,0
C87995,1,1925.92,1925.92,4,4.0,481.48,5.0,1925.92,1925.92,1.0,1.0,0.0,0.0,9.0,1.0,0.0,0.0,1.0,0.0,0.0,0.0,0.0,0.0,0.0,0.0,1.0,0.0,0.0,0.0,0.0,1.0,0.0,0
C88029,1,3277.75,3277.75,5,5.0,655.55,5.0,3277.75,3277.75,0.0,1.0,0.0,0.0,6.0,5.0,1.0,0.0,0.0,0.0,0.0,0.0,0.0,0.0,0.0,0.0,0.0,1.0,1.0,0.0,0.0,0.0,0.0,0
C88036,1,1571.35,1571.35,5,5.0,314.27,6.0,1571.35,1571.35,1.0,0.0,0.0,1.0,1.0,6.0,0.0,0.0,0.0,0.0,0.0,1.0,0.0,1.0,0.0,0.0,0.0,0.0,0.0,0.0,0.0,1.0,0.0,0
C88075,1,2651.7,2651.7,5,5.0,530.34,9.0,2651.7,2651.7,1.0,0.0,0.0,0.0,3.0,0.0,1.0,0.0,0.0,0.0,0.0,0.0,0.0,0.0,0.0,0.0,0.0,1.0,0.0,0.0,1.0,0.0,0.0,0
C88174,1,18.2,18.2,1,1.0,18.2,4.0,18.2,18.2,1.0,0.0,0.0,0.0,12.0,4.0,0.0,0.0,1.0,0.0,0.0,0.0,0.0,0.0,0.0,1.0,0.0,0.0,0.0,0.0,0.0,1.0,0.0,1
C88205,1,3215.15,3215.15,5,5.0,643.03,5.0,3215.15,3215.15,1.0,0.0,1.0,0.0,6.0,2.0,0.0,0.0,0.0,0.0,0.0,1.0,0.0,0.0,0.0,0.0,0.0,1.0,0.0,0.0,0.0,0.0,1.0,0
C88304,1,768.28,768.28,2,2.0,384.14,2.0,768.28,768.28,1.0,0.0,0.0,1.0,5.0,5.0,1.0,0.0,0.0,0.0,0.0,0.0,0.0,0.0,0.0,0.0,0.0,1.0,1.0,0.0,0.0,0.0,0.0,1
C88348,1,604.47,604.47,3,3.0,201.49,4.0,604.47,604.47,1.0,0.0,0.0,1.0,8.0,2.0,0.0,0.0,1.0,0.0,0.0,0.0,0.0,0.0,1.0,0.0,0.0,0.0,0.0,1.0,0.0,0.0,0.0,1
C88370,1,279.9,279.9,2,2.0,139.95,5.0,279.9,279.9,0.0,0.0,0.0,1.0,4.0,0.0,0.0,0.0,0.0,1.0,0.0,0.0,0.0,0.0,0.0,0.0,0.0,1.0,0.0,0.0,0.0,1.0,0.0,1
C88371,1,1132.64,1132.64,4,4.0,283.16,6.0,1132.64,1132.64,0.0,0.0,0.0,0.0,12.0,2.0,1.0,0.0,0.0,0.0,0.0,0.0,0.0,0.0,1.0,0.0,0.0,0.0,0.0,0.0,1.0,0.0,0.0,1
C88463,1,2539.7,2539.7,5,5.0,507.94,9.0,2539.7,2539.7,0.0,0.0,1.0,0.0,2.0,3.0,0.0,1.0,0.0,0.0,0.0,0.0,0.0,0.0,0.0,0.0,0.0,1.0,0.0,1.0,0.0,0.0,0.0,0
C88546,1,813.84,813.84,4,4.0,203.46,7.0,813.84,813.84,1.0,0.0,0.0,0.0,2.0,6.0,0.0,1.0,0.0,0.0,0.0,0.0,0.0,0.0,1.0,0.0,0.0,0.0,0.0,0.0,0.0,0.0,1.0,1
C88644,1,392.61,392.61,1,1.0,392.61,4.0,392.61,392.61,1.0,0.0,1.0,0.0,2.0,6.0,0.0,0.0,0.0,1.0,0.0,0.0,0.0,0.0,0.0,0.0,1.0,0.0,0.0,0.0,0.0,0.0,1.0,1
C88645,1,1751.16,1751.16,3,3.0,583.72,5.0,1751.16,1751.16,1.0,0.0,0.0,0.0,3.0,3.0,0.0,0.0,0.0,1.0,0.0,0.0,0.0,0.0,1.0,0.0,0.0,0.0,0.0,1.0,0.0,0.0,0.0,0
C88775,1,1989.05,1989.05,5,5.0,397.81,5.0,1989.05,1989.05,1.0,0.0,0.0,1.0,8.0,6.0,0.0,0.0,0.0,1.0,0.0,0.0,0.0,0.0,0.0,1.0,0.0,0.0,0.0,0.0,0.0,0.0,1.0,0
C88933,1,92.04,92.04,1,1.0,92.04,2.0,92.04,92.04,0.0,0.0,0.0,0.0,1.0,5.0,0.0,0.0,0.0,0.0,0.0,0.0,1.0,1.0,0.0,0.0,0.0,0.0,0.0,1.0,0.0,0.0,0.0,1
C88981,1,2445.04,2445.04,4,4.0,611.26,5.0,2445.04,2445.04,1.0,0.0,0.0,0.0,2.0,4.0,0.0,0.0,0.0,0.0,0.0,1.0,0.0,1.0,0.0,0.0,0.0,0.0,0.0,0.0,0.0,0.0,1.0,0
C89336,1,92.79,92.79,1,1.0,92.79,3.0,92.79,92.79,1.0,0.0,0.0,0.0,3.0,2.0,0.0,1.0,0.0,0.0,0.0,0.0,0.0,1.0,0.0,0.0,0.0,0.0,1.0,0.0,0.0,0.0,0.0,1
C89559,1,662.84,662.84,2,2.0,331.42,6.0,662.84,662.84,1.0,1.0,0.0,0.0,4.0,5.0,0.0,0.0,1.0,0.0,0.0,0.0,0.0,0.0,1.0,0.0,0.0,0.0,0.0,0.0,1.0,0.0,0.0,1
C89592,1,2547.9,2547.9,5,5.0,509.58,6.0,2547.9,2547.9,1.0,1.0,0.0,0.0,10.0,2.0,0.0,0.0,1.0,0.0,0.0,0.0,0.0,0.0,0.0,0.0,0.0,1.0,0.0,0.0,0.0,1.0,0.0,0
C89674,1,1151.66,1151.66,2,2.0,575.83,3.0,1151.66,1151.66,1.0,1.0,0.0,0.0,1.0,5.0,0.0,0.0,0.0,1.0,0.0,0.0,0.0,0.0,0.0,0.0,0.0,1.0,0.0,0.0,0.0,0.0,1.0,1
C89732,1,406.22,406.22,1,1.0,406.22,5.0,406.22,406.22,1.0,0.0,1.0,0.0,4.0,1.0,0.0,0.0,0.0,0.0,1.0,0.0,0.0,0.0,1.0,0.0,0.0,0.0,0.0,0.0,0.0,0.0,1.0,1
C89822,1,410.78,410.78,1,1.0,410.78,1.0,410.78,410.78,1.0,0.0,1.0,0.0,11.0,3.0,0.0,1.0,0.0,0.0,0.0,0.0,0.0,1.0,0.0,0.0,0.0,0.0,0.0,0.0,0.0,1.0,0.0,1
C89979,1,3170.0,3170.0,5,5.0,634.0,8.0,3170.0,3170.0,0.0,1.0,0.0,0.0,6.0,3.0,0.0,0.0,0.0,0.0,1.0,0.0,0.0,0.0,0.0,0.0,1.0,0.0,1.0,0.0,0.0,0.0,0.0,0
C90110,1,418.36,418.36,1,1.0,418.36,5.0,418.36,418.36,1.0,1.0,0.0,0.0,6.0,5.0,0.0,0.0,0.0,0.0,1.0,0.0,0.0,0.0,1.0,0.0,0.0,0.0,1.0,0.0,0.0,0.0,0.0,1
C90132,1,1304.65,1304.65,5,5.0,260.93,9.0,1304.65,1304.65,1.0,1.0,0.0,0.0,6.0,2.0,0.0,0.0,0.0,0.0,0.0,1.0,0.0,0.0,0.0,0.0,0.0,1.0,1.0,0.0,0.0,0.0,0.0,0
C90142,1,334.39,334.39,1,1.0,334.39,2.0,334.39,334.39,0.0,0.0,0.0,1.0,7.0,2.0,0.0,1.0,0.0,0.0,0.0,0.0,0.0,0.0,1.0,0.0,0.0,0.0,0.0,0.0,0.0,1.0,0.0,1
C90292,1,1105.28,1105.28,4,4.0,276.32,5.0,1105.28,1105.28,0.0,1.0,0.0,0.0,4.0,0.0,0.0,0.0,1.0,0.0,0.0,0.0,0.0,0.0,0.0,0.0,0.0,1.0,0.0,0.0,1.0,0.0,0.0,1
C90310,1,762.56,762.56,4,4.0,190.64,5.0,762.56,762.56,1.0,1.0,0.0,0.0,12.0,2.0,0.0,0.0,0.0,0.0,0.0,0.0,1.0,1.0,0.0,0.0,0.0,0.0,1.0,0.0,0.0,0.0,0.0,1
C90318,1,1259.12,1259.12,2,2.0,629.56,5.0,1259.12,1259.12,1.0,0.0,1.0,0.0,2.0,1.0,0.0,1.0,0.0,0.0,0.0,0.0,0.0,0.0,0.0,0.0,1.0,0.0,0.0,0.0,0.0,1.0,0.0,1
C90348,1,899.0,899.0,4,4.0,224.75,7.0,899.0,899.0,1.0,1.0,0.0,0.0,3.0,1.0,1.0,0.0,0.0,0.0,0.0,0.0,0.0,0.0,0.0,0.0,0.0,1.0,0.0,1.0,0.0,0.0,0.0,1
C90350,1,367.34,367.34,2,2.0,183.67,6.0,367.34,367.34,1.0,0.0,1.0,0.0,5.0,4.0,0.0,0.0,0.0,0.0,1.0,0.0,0.0,0.0,0.0,1.0,0.0,0.0,0.0,0.0,1.0,0.0,0.0,1
C90363,1,3044.55,3044.55,5,5.0,608.91,6.0,3044.55,3044.55,1.0,0.0,0.0,0.0,6.0,6.0,1.0,0.0,0.0,0.0,0.0,0.0,0.0,0.0,0.0,0.0,1.0,0.0,0.0,0.0,1.0,0.0,0.0,0
C90431,1,844.68,844.68,2,2.0,422.34,4.0,844.68,844.68,1.0,0.0,1.0,0.0,6.0,0.0,0.0,0.0,1.0,0.0,0.0,0.0,0.0,0.0,1.0,0.0,0.0,0.0,0.0,0.0,0.0,1.0,0.0,1
C90573,1,438.93,438.93,1,1.0,438.93,3.0,438.93,438.93,1.0,0.0,1.0,0.0,7.0,0.0,0.0,0.0,0.0,0.0,0.0,0.0,1.0,0.0,0.0,0.0,1.0,0.0,0.0,0.0,0.0,0.0,1.0,1
C90595,1,391.45,391.45,5,5.0,78.29,5.0,391.45,391.45,1.0,0.0,0.0,0.0,3.0,4.0,0.0,0.0,0.0,0.0,1.0,0.0,0.0,0.0,1.0,0.0,0.0,0.0,0.0,0.0,0.0,0.0,1.0,1
C90612,1,1103.25,1103.25,3,3.0,367.75,7.0,1103.25,1103.25,1.0,0.0,0.0,0.0,1.0,0.0,1.0,0.0,0.0,0.0,0.0,0.0,0.0,1.0,0.0,0.0,0.0,0.0,0.0,1.0,0.0,0.0,0.0,1
C90757,1,1979.36,1979.36,4,4.0,494.84,8.0,1979.36,1979.36,1.0,0.0,0.0,1.0,12.0,0.0,0.0,0.0,0.0,0.0,0.0,0.0,1.0,1.0,0.0,0.0,0.0,0.0,1.0,0.0,0.0,0.0,0.0,0
C90852,1,1725.03,1725.03,3,3.0,575.01,8.0,1725.03,1725.03,1.0,0.0,1.0,0.0,5.0,1.0,0.0,0.0,0.0,0.0,0.0,0.0,1.0,0.0,0.0,0.0,0.0,1.0,0.0,0.0,0.0,1.0,0.0,0
C90898,1,1491.95,1491.95,5,5.0,298.39,7.0,1491.95,1491.95,1.0,0.0,1.0,0.0,8.0,6.0,0.0,1.0,0.0,0.0,0.0,0.0,0.0,0.0,0.0,0.0,1.0,0.0,0.0,0.0,0.0,0.0,1.0,0
C90993,1,153.12,153.12,4,4.0,38.28,4.0,153.12,153.12,1.0,0.0,1.0,0.0,6.0,5.0,0.0,1.0,0.0,0.0,0.0,0.0,0.0,0.0,0.0,1.0,0.0,0.0,0.0,1.0,0.0,0.0,0.0,1
C91029,1,2131.48,2131.48,4,4.0,532.87,9.0,2131.48,2131.48,1.0,0.0,0.0,0.0,1.0,2.0,0.0,0.0,0.0,0.0,1.0,0.0,0.0,1.0,0.0,0.0,0.0,0.0,0.0,0.0,0.0,1.0,0.0,0
C91099,1,1025.3,1025.3,2,2.0,512.65,5.0,1025.3,1025.3,1.0,0.0,0.0,0.0,11.0,2.0,0.0,0.0,0.0,0.0,1.0,0.0,0.0,0.0,1.0,0.0,0.0,0.0,1.0,0.0,0.0,0.0,0.0,1
C91103,1,1023.44,1023.44,4,4.0,255.86,7.0,1023.44,1023.44,0.0,1.0,0.0,0.0,6.0,5.0,0.0,0.0,0.0,1.0,0.0,0.0,0.0,0.0,1.0,0.0,0.0,0.0,1.0,0.0,0.0,0.0,0.0,1
C91123,1,1202.24,1202.24,4,4.0,300.56,9.0,1202.24,1202.24,1.0,0.0,1.0,0.0,4.0,5.0,0.0,0.0,1.0,0.0,0.0,0.0,0.0,1.0,0.0,0.0,0.0,0.0,0.0,1.0,0.0,0.0,0.0,0
C91155,2,704.8199999999999,352.40999999999997,6,3.0,129.01,6.5,558.5,146.32,1.0,0.0,0.5,0.0,8.0,3.0,0.0,0.0,0.0,0.0,0.0,0.5,0.5,0.0,0.5,0.0,0.0,0.5,0.5,0.5,0.0,0.0,0.0,1
C91201,1,93.0,93.0,2,2.0,46.5,7.0,93.0,93.0,1.0,0.0,0.0,1.0,2.0,3.0,0.0,1.0,0.0,0.0,0.0,0.0,0.0,1.0,0.0,0.0,0.0,0.0,0.0,0.0,1.0,0.0,0.0,1
C91245,1,675.33,675.33,3,3.0,225.11,4.0,675.33,675.33,1.0,0.0,0.0,0.0,10.0,3.0,0.0,0.0,0.0,0.0,0.0,0.0,1.0,1.0,0.0,0.0,0.0,0.0,0.0,1.0,0.0,0.0,0.0,1
C91255,1,851.1,851.1,5,5.0,170.22,8.0,851.1,851.1,0.0,1.0,0.0,0.0,4.0,0.0,1.0,0.0,0.0,0.0,0.0,0.0,0.0,0.0,0.0,1.0,0.0,0.0,0.0,0.0,0.0,0.0,1.0,1
C91454,1,557.76,557.76,2,2.0,278.88,3.0,557.76,557.76,1.0,0.0,0.0,0.0,1.0,6.0,0.0,0.0,0.0,0.0,0.0,1.0,0.0,0.0,0.0,1.0,0.0,0.0,0.0,0.0,0.0,0.0,1.0,1
C91486,1,268.32,268.32,4,4.0,67.08,8.0,268.32,268.32,1.0,0.0,0.0,1.0,8.0,6.0,0.0,0.0,0.0,0.0,0.0,0.0,1.0,1.0,0.0,0.0,0.0,0.0,0.0,0.0,1.0,0.0,0.0,1
C91518,1,759.15,759.15,3,3.0,253.05,3.0,759.15,759.15,0.0,0.0,0.0,0.0,8.0,0.0,0.0,0.0,0.0,0.0,0.0,0.0,1.0,0.0,0.0,0.0,0.0,1.0,0.0,0.0,0.0,1.0,0.0,1
C91582,1,1949.79,1949.79,3,3.0,649.93,7.0,1949.79,1949.79,1.0,0.0,0.0,0.0,2.0,5.0,0.0,0.0,0.0,0.0,0.0,1.0,0.0,0.0,1.0,0.0,0.0,0.0,0.0,1.0,0.0,0.0,0.0,0
C91591,1,2609.92,2609.92,4,4.0,652.48,5.0,2609.92,2609.92,1.0,0.0,0.0,0.0,5.0,6.0,0.0,1.0,0.0,0.0,0.0,0.0,0.0,1.0,0.0,0.0,0.0,0.0,0.0,0.0,0.0,1.0,0.0,0
C91805,1,1819.23,1819.23,3,3.0,606.41,7.0,1819.23,1819.23,1.0,0.0,0.0,1.0,6.0,0.0,0.0,1.0,0.0,0.0,0.0,0.0,0.0,0.0,0.0,1.0,0.0,0.0,0.0,1.0,0.0,0.0,0.0,0
C91941,1,1188.0,1188.0,3,3.0,396.0,4.0,1188.0,1188.0,1.0,0.0,1.0,0.0,6.0,4.0,0.0,0.0,0.0,0.0,0.0,1.0,0.0,0.0,0.0,0.0,1.0,0.0,0.0,0.0,0.0,1.0,0.0,1
C92049,1,2666.08,2666.08,4,4.0,666.52,8.0,2666.08,2666.08,1.0,0.0,0.0,0.0,10.0,0.0,0.0,0.0,0.0,0.0,0.0,1.0,0.0,1.0,0.0,0.0,0.0,0.0,1.0,0.0,0.0,0.0,0.0,0
C92086,1,749.2,749.2,2,2.0,374.6,3.0,749.2,749.2,1.0,0.0,0.0,0.0,2.0,4.0,0.0,0.0,0.0,0.0,0.0,1.0,0.0,0.0,0.0,0.0,0.0,1.0,0.0,0.0,0.0,0.0,1.0,1
C92180,1,977.8,977.8,2,2.0,488.9,7.0,977.8,977.8,1.0,1.0,0.0,0.0,10.0,1.0,1.0,0.0,0.0,0.0,0.0,0.0,0.0,1.0,0.0,0.0,0.0,0.0,0.0,1.0,0.0,0.0,0.0,1
C92294,1,1225.4,1225.4,4,4.0,306.35,7.0,1225.4,1225.4,1.0,0.0,0.0,0.0,9.0,6.0,1.0,0.0,0.0,0.0,0.0,0.0,0.0,0.0,0.0,0.0,1.0,0.0,0.0,0.0,0.0,0.0,1.0,0
C92407,1,1672.23,1672.23,3,3.0,557.41,4.0,1672.23,1672.23,0.0,1.0,0.0,0.0,7.0,5.0,0.0,0.0,1.0,0.0,0.0,0.0,0.0,0.0,0.0,0.0,0.0,1.0,1.0,0.0,0.0,0.0,0.0,0
C92548,1,1132.25,1132.25,5,5.0,226.45,6.0,1132.25,1132.25,1.0,0.0,0.0,1.0,2.0,6.0,0.0,0.0,0.0,0.0,0.0,0.0,1.0,0.0,0.0,1.0,0.0,0.0,1.0,0.0,0.0,0.0,0.0,0
C92575,1,2464.7,2464.7,5,5.0,492.94,10.0,2464.7,2464.7,1.0,0.0,0.0,0.0,9.0,0.0,1.0,0.0,0.0,0.0,0.0,0.0,0.0,1.0,0.0,0.0,0.0,0.0,1.0,0.0,0.0,0.0,0.0,0
C92788,1,243.71,243.71,1,1.0,243.71,6.0,243.71,243.71,1.0,1.0,0.0,0.0,7.0,5.0,0.0,1.0,0.0,0.0,0.0,0.0,0.0,0.0,0.0,0.0,1.0,0.0,0.0,0.0,1.0,0.0,0.0,1
C93007,1,465.66,465.66,2,2.0,232.83,7.0,465.66,465.66,0.0,1.0,0.0,0.0,6.0,5.0,0.0,0.0,0.0,0.0,1.0,0.0,0.0,0.0,0.0,0.0,1.0,0.0,0.0,0.0,0.0,1.0,0.0,1
C93175,1,58.76,58.76,4,4.0,14.69,9.0,58.76,58.76,0.0,0.0,1.0,0.0,5.0,3.0,0.0,0.0,0.0,1.0,0.0,0.0,0.0,1.0,0.0,0.0,0.0,0.0,1.0,0.0,0.0,0.0,0.0,1
C93220,1,730.34,730.34,2,2.0,365.17,4.0,730.34,730.34,1.0,0.0,1.0,0.0,11.0,3.0,0.0,0.0,0.0,1.0,0.0,0.0,0.0,0.0,0.0,0.0,0.0,1.0,0.0,1.0,0.0,0.0,0.0,1
C93276,1,1652.25,1652.25,5,5.0,330.45,10.0,1652.25,1652.25,1.0,0.0,0.0,0.0,3.0,6.0,0.0,1.0,0.0,0.0,0.0,0.0,0.0,0.0,0.0,0.0,1.0,0.0,0.0,0.0,1.0,0.0,0.0,0
C93309,1,1821.4,1821.4,5,5.0,364.28,5.0,1821.4,1821.4,1.0,0.0,1.0,0.0,4.0,1.0,0.0,1.0,0.0,0.0,0.0,0.0,0.0,0.0,1.0,0.0,0.0,0.0,0.0,0.0,1.0,0.0,0.0,0
C93375,1,446.16,446.16,3,3.0,148.72,7.0,446.16,446.16,1.0,0.0,1.0,0.0,7.0,5.0,1.0,0.0,0.0,0.0,0.0,0.0,0.0,0.0,0.0,1.0,0.0,0.0,0.0,0.0,1.0,0.0,0.0,1
C93379,1,128.85,128.85,3,3.0,42.95,8.0,128.85,128.85,1.0,0.0,0.0,1.0,4.0,2.0,0.0,1.0,0.0,0.0,0.0,0.0,0.0,0.0,0.0,0.0,1.0,0.0,1.0,0.0,0.0,0.0,0.0,1
C93467,1,2219.32,2219.32,4,4.0,554.83,6.0,2219.32,2219.32,0.0,0.0,0.0,1.0,5.0,1.0,0.0,0.0,1.0,0.0,0.0,0.0,0.0,1.0,0.0,0.0,0.0,0.0,0.0,0.0,1.0,0.0,0.0,0
C93473,1,3196.85,3196.85,5,5.0,639.37,6.0,3196.85,3196.85,1.0,0.0,0.0,0.0,2.0,4.0,0.0,0.0,0.0,0.0,0.0,0.0,1.0,0.0,0.0,1.0,0.0,0.0,0.0,0.0,1.0,0.0,0.0,0
C93618,1,603.63,603.63,3,3.0,201.21,3.0,603.63,603.63,1.0,0.0,1.0,0.0,3.0,4.0,0.0,0.0,0.0,0.0,0.0,1.0,0.0,0.0,0.0,0.0,0.0,1.0,0.0,0.0,1.0,0.0,0.0,1
C93768,1,972.9,972.9,3,3.0,324.3,8.0,972.9,972.9,1.0,0.0,0.0,0.0,5.0,3.0,0.0,0.0,0.0,0.0,0.0,0.0,1.0,0.0,0.0,1.0,0.0,0.0,1.0,0.0,0.0,0.0,0.0,1
C93821,1,1075.44,1075.44,3,3.0,358.48,7.0,1075.44,1075.44,1.0,1.0,0.0,0.0,12.0,3.0,1.0,0.0,0.0,0.0,0.0,0.0,0.0,0.0,0.0,0.0,1.0,0.0,0.0,1.0,0.0,0.0,0.0,1
C93861,1,147.42,147.42,3,3.0,49.14,7.0,147.42,147.42,1.0,0.0,0.0,1.0,2.0,5.0,0.0,0.0,0.0,1.0,0.0,0.0,0.0,0.0,0.0,0.0,0.0,1.0,1.0,0.0,0.0,0.0,0.0,1
C93948,1,336.87,336.87,3,3.0,112.29,6.0,336.87,336.87,0.0,0.0,0.0,0.0,10.0,3.0,0.0,0.0,0.0,0.0,0.0,1.0,0.0,0.0,0.0,0.0,1.0,0.0,0.0,0.0,1.0,0.0,0.0,1
C94037,1,510.28,510.28,2,2.0,255.14,2.0,510.28,510.28,0.0,0.0,0.0,0.0,6.0,1.0,0.0,0.0,0.0,0.0,1.0,0.0,0.0,1.0,0.0,0.0,0.0,0.0,0.0,0.0,1.0,0.0,0.0,1
C94248,1,64.66,64.66,1,1.0,64.66,4.0,64.66,64.66,0.0,1.0,0.0,0.0,2.0,5.0,0.0,0.0,1.0,0.0,0.0,0.0,0.0,0.0,0.0,1.0,0.0,0.0,0.0,0.0,0.0,1.0,0.0,1
C94257,1,1394.38,1394.38,2,2.0,697.19,7.0,1394.38,1394.38,1.0,0.0,0.0,1.0,8.0,3.0,0.0,0.0,0.0,0.0,0.0,1.0,0.0,1.0,0.0,0.0,0.0,0.0,1.0,0.0,0.0,0.0,0.0,0
C94311,1,2740.8,2740.8,4,4.0,685.2,6.0,2740.8,2740.8,1.0,0.0,1.0,0.0,7.0,5.0,0.0,0.0,0.0,0.0,0.0,1.0,0.0,0.0,0.0,0.0,1.0,0.0,0.0,0.0,1.0,0.0,0.0,0
C94323,1,379.05,379.05,5,5.0,75.81,10.0,379.05,379.05,1.0,0.0,0.0,1.0,6.0,0.0,1.0,0.0,0.0,0.0,0.0,0.0,0.0,0.0,0.0,0.0,1.0,0.0,0.0,0.0,0.0,1.0,0.0,1
C94381,1,1216.08,1216.08,2,2.0,608.04,4.0,1216.08,1216.08,0.0,0.0,1.0,0.0,1.0,6.0,1.0,0.0,0.0,0.0,0.0,0.0,0.0,1.0,0.0,0.0,0.0,0.0,0.0,0.0,1.0,0.0,0.0,1
C94479,1,314.05,314.05,5,5.0,62.81,9.0,314.05,314.05,1.0,0.0,0.0,0.0,6.0,0.0,0.0,1.0,0.0,0.0,0.0,0.0,0.0,0.0,1.0,0.0,0.0,0.0,0.0,1.0,0.0,0.0,0.0,1
C94508,1,176.28,176.28,4,4.0,44.07,6.0,176.28,176.28,0.0,0.0,0.0,0.0,6.0,4.0,0.0,0.0,0.0,1.0,0.0,0.0,0.0,0.0,0.0,1.0,0.0,0.0,1.0,0.0,0.0,0.0,0.0,1
C94568,1,1939.4,1939.4,4,4.0,484.85,5.0,1939.4,1939.4,1.0,1.0,0.0,0.0,4.0,6.0,0.0,0.0,1.0,0.0,0.0,0.0,0.0,0.0,0.0,1.0,0.0,0.0,0.0,0.0,0.0,0.0,1.0,0
C94569,2,1675.3500000000001,837.6750000000001,3,1.5,540.64,2.5,1188.14,487.21,0.5,0.5,0.5,0.0,4.5,4.5,0.0,0.0,0.0,0.0,1.0,0.0,0.0,0.5,0.0,0.0,0.5,0.0,0.0,0.0,0.5,0.0,0.5,1
C94595,1,247.64,247.64,4,4.0,61.91,6.0,247.64,247.64,1.0,1.0,0.0,0.0,12.0,5.0,0.0,1.0,0.0,0.0,0.0,0.0,0.0,0.0,0.0,0.0,1.0,0.0,1.0,0.0,0.0,0.0,0.0,1
C94658,1,886.44,886.44,2,2.0,443.22,5.0,886.44,886.44,0.0,1.0,0.0,0.0,9.0,3.0,0.0,0.0,0.0,0.0,0.0,1.0,0.0,0.0,1.0,0.0,0.0,0.0,0.0,1.0,0.0,0.0,0.0,1
C94671,1,167.15,167.15,1,1.0,167.15,5.0,167.15,167.15,1.0,0.0,0.0,0.0,9.0,0.0,0.0,0.0,0.0,0.0,0.0,0.0,1.0,0.0,0.0,0.0,1.0,0.0,1.0,0.0,0.0,0.0,0.0,1
C94698,1,586.62,586.62,1,1.0,586.62,5.0,586.62,586.62,0.0,0.0,0.0,0.0,6.0,0.0,0.0,0.0,0.0,0.0,1.0,0.0,0.0,0.0,0.0,1.0,0.0,0.0,0.0,1.0,0.0,0.0,0.0,1
C94921,1,438.2,438.2,2,2.0,219.1,4.0,438.2,438.2,1.0,0.0,0.0,0.0,5.0,1.0,0.0,0.0,0.0,0.0,0.0,1.0,0.0,0.0,0.0,0.0,0.0,1.0,0.0,0.0,0.0,0.0,1.0,1
C95100,1,627.2,627.2,1,1.0,627.2,1.0,627.2,627.2,1.0,1.0,0.0,0.0,2.0,2.0,0.0,0.0,0.0,0.0,1.0,0.0,0.0,0.0,0.0,0.0,0.0,1.0,1.0,0.0,0.0,0.0,0.0,1
C95213,1,1806.72,1806.72,3,3.0,602.24,8.0,1806.72,1806.72,0.0,0.0,0.0,0.0,2.0,4.0,0.0,0.0,0.0,0.0,0.0,1.0,0.0,0.0,0.0,1.0,0.0,0.0,0.0,0.0,0.0,0.0,1.0,0
C95269,1,389.7,389.7,2,2.0,194.85,5.0,389.7,389.7,0.0,0.0,0.0,1.0,3.0,6.0,1.0,0.0,0.0,0.0,0.0,0.0,0.0,0.0,0.0,0.0,1.0,0.0,0.0,0.0,0.0,0.0,1.0,1
C95271,1,927.66,927.66,3,3.0,309.22,7.0,927.66,927.66,1.0,0.0,1.0,0.0,5.0,2.0,0.0,1.0,0.0,0.0,0.0,0.0,0.0,0.0,0.0,0.0,0.0,1.0,0.0,0.0,1.0,0.0,0.0,1
C95568,1,973.41,973.41,3,3.0,324.47,4.0,973.41,973.41,1.0,1.0,0.0,0.0,7.0,0.0,1.0,0.0,0.0,0.0,0.0,0.0,0.0,1.0,0.0,0.0,0.0,0.0,1.0,0.0,0.0,0.0,0.0,1
C95623,1,1870.02,1870.02,3,3.0,623.34,3.0,1870.02,1870.02,1.0,0.0,1.0,0.0,3.0,3.0,0.0,0.0,0.0,0.0,0.0,0.0,1.0,0.0,0.0,0.0,0.0,1.0,0.0,0.0,0.0,1.0,0.0,0
C95643,1,2426.28,2426.28,4,4.0,606.57,5.0,2426.28,2426.28,1.0,1.0,0.0,0.0,6.0,4.0,0.0,1.0,0.0,0.0,0.0,0.0,0.0,0.0,0.0,1.0,0.0,0.0,0.0,0.0,0.0,0.0,1.0,0
C95667,1,463.08,463.08,4,4.0,115.77,7.0,463.08,463.08,1.0,0.0,0.0,0.0,11.0,2.0,0.0,0.0,1.0,0.0,0.0,0.0,0.0,0.0,0.0,0.0,0.0,1.0,0.0,0.0,0.0,1.0,0.0,1
C95856,1,1279.76,1279.76,2,2.0,639.88,5.0,1279.76,1279.76,1.0,1.0,0.0,0.0,5.0,3.0,0.0,0.0,0.0,0.0,0.0,0.0,1.0,1.0,0.0,0.0,0.0,0.0,0.0,0.0,0.0,1.0,0.0,1
C95901,1,1993.38,1993.38,3,3.0,664.46,4.0,1993.38,1993.38,1.0,1.0,0.0,0.0,3.0,6.0,0.0,0.0,0.0,0.0,1.0,0.0,0.0,0.0,0.0,0.0,0.0,1.0,0.0,0.0,1.0,0.0,0.0,0
C95984,1,1033.2,1033.2,3,3.0,344.4,3.0,1033.2,1033.2,0.0,0.0,1.0,0.0,6.0,1.0,0.0,0.0,0.0,0.0,0.0,1.0,0.0,0.0,0.0,0.0,0.0,1.0,0.0,1.0,0.0,0.0,0.0,1
C96034,1,121.08,121.08,4,4.0,30.27,9.0,121.08,121.08,1.0,1.0,0.0,0.0,6.0,5.0,0.0,1.0,0.0,0.0,0.0,0.0,0.0,0.0,0.0,0.0,0.0,1.0,0.0,0.0,1.0,0.0,0.0,1
C96136,1,1946.1,1946.1,5,5.0,389.22,7.0,1946.1,1946.1,0.0,0.0,1.0,0.0,8.0,5.0,0.0,0.0,0.0,0.0,0.0,0.0,1.0,1.0,0.0,0.0,0.0,0.0,0.0,0.0,0.0,0.0,1.0,0
C96257,1,1803.0,1803.0,4,4.0,450.75,6.0,1803.0,1803.0,1.0,0.0,0.0,0.0,3.0,1.0,0.0,0.0,0.0,0.0,0.0,0.0,1.0,0.0,1.0,0.0,0.0,0.0,1.0,0.0,0.0,0.0,0.0,0
C96261,1,970.74,970.74,2,2.0,485.37,5.0,970.74,970.74,1.0,0.0,0.0,0.0,6.0,2.0,0.0,0.0,0.0,0.0,1.0,0.0,0.0,0.0,1.0,0.0,0.0,0.0,1.0,0.0,0.0,0.0,0.0,1
C96283,1,924.03,924.03,3,3.0,308.01,3.0,924.03,924.03,1.0,0.0,0.0,0.0,7.0,0.0,0.0,1.0,0.0,0.0,0.0,0.0,0.0,1.0,0.0,0.0,0.0,0.0,0.0,1.0,0.0,0.0,0.0,1
C96434,1,2536.2,2536.2,4,4.0,634.05,6.0,2536.2,2536.2,1.0,0.0,0.0,0.0,5.0,5.0,0.0,0.0,0.0,0.0,0.0,1.0,0.0,1.0,0.0,0.0,0.0,0.0,0.0,0.0,1.0,0.0,0.0,0
C96494,1,179.22,179.22,1,1.0,179.22,6.0,179.22,179.22,1.0,0.0,1.0,0.0,7.0,0.0,0.0,0.0,0.0,0.0,0.0,0.0,1.0,0.0,0.0,0.0,0.0,1.0,0.0,0.0,0.0,1.0,0.0,1
C96583,1,139.36,139.36,4,4.0,34.84,8.0,139.36,139.36,0.0,0.0,0.0,0.0,9.0,6.0,0.0,0.0,0.0,0.0,0.0,1.0,0.0,0.0,1.0,0.0,0.0,0.0,1.0,0.0,0.0,0.0,0.0,1
C96595,1,1719.66,1719.66,3,3.0,573.22,5.0,1719.66,1719.66,1.0,0.0,0.0,0.0,10.0,4.0,1.0,0.0,0.0,0.0,0.0,0.0,0.0,0.0,0.0,1.0,0.0,0.0,1.0,0.0,0.0,0.0,0.0,0
C96636,1,39.56,39.56,1,1.0,39.56,5.0,39.56,39.56,0.0,0.0,1.0,0.0,2.0,1.0,0.0,1.0,0.0,0.0,0.0,0.0,0.0,0.0,0.0,1.0,0.0,0.0,0.0,0.0,1.0,0.0,0.0,1
C96664,1,769.38,769.38,3,3.0,256.46,4.0,769.38,769.38,1.0,1.0,0.0,0.0,2.0,3.0,0.0,0.0,0.0,0.0,0.0,1.0,0.0,0.0,1.0,0.0,0.0,0.0,0.0,0.0,0.0,0.0,1.0,1
C96695,1,564.86,564.86,1,1.0,564.86,6.0,564.86,564.86,1.0,0.0,0.0,0.0,2.0,6.0,1.0,0.0,0.0,0.0,0.0,0.0,0.0,0.0,0.0,1.0,0.0,0.0,0.0,0.0,0.0,0.0,1.0,1
C96787,1,1066.04,1066.04,2,2.0,533.02,2.0,1066.04,1066.04,0.0,0.0,0.0,0.0,4.0,0.0,0.0,0.0,1.0,0.0,0.0,0.0,0.0,0.0,0.0,0.0,1.0,0.0,0.0,1.0,0.0,0.0,0.0,1
C96822,1,989.56,989.56,2,2.0,494.78,2.0,989.56,989.56,0.0,0.0,0.0,0.0,1.0,1.0,0.0,0.0,0.0,0.0,0.0,1.0,0.0,0.0,0.0,0.0,0.0,1.0,0.0,0.0,1.0,0.0,0.0,1
C97148,1,1135.16,1135.16,4,4.0,283.79,8.0,1135.16,1135.16,0.0,0.0,0.0,0.0,7.0,6.0,0.0,0.0,0.0,0.0,0.0,1.0,0.0,0.0,0.0,0.0,0.0,1.0,0.0,0.0,1.0,0.0,0.0,0
C97187,1,670.54,670.54,1,1.0,670.54,6.0,670.54,670.54,1.0,0.0,0.0,0.0,7.0,6.0,0.0,0.0,1.0,0.0,0.0,0.0,0.0,1.0,0.0,0.0,0.0,0.0,0.0,0.0,0.0,0.0,1.0,1
C97218,1,2300.7,2300.7,5,5.0,460.14,10.0,2300.7,2300.7,1.0,0.0,0.0,1.0,3.0,4.0,0.0,0.0,0.0,1.0,0.0,0.0,0.0,0.0,1.0,0.0,0.0,0.0,0.0,1.0,0.0,0.0,0.0,0
C97262,1,1724.04,1724.04,4,4.0,431.01,7.0,1724.04,1724.04,0.0,0.0,0.0,1.0,1.0,5.0,0.0,1.0,0.0,0.0,0.0,0.0,0.0,0.0,1.0,0.0,0.0,0.0,0.0,0.0,0.0,0.0,1.0,0
C97454,1,698.8,698.8,2,2.0,349.4,2.0,698.8,698.8,1.0,0.0,0.0,0.0,1.0,4.0,0.0,0.0,0.0,0.0,0.0,1.0,0.0,0.0,0.0,0.0,0.0,1.0,0.0,0.0,0.0,1.0,0.0,1
C97485,1,915.64,915.64,4,4.0,228.91,4.0,915.64,915.64,1.0,0.0,0.0,0.0,10.0,6.0,0.0,0.0,1.0,0.0,0.0,0.0,0.0,1.0,0.0,0.0,0.0,0.0,0.0,0.0,1.0,0.0,0.0,1
C97593,2,2855.2200000000003,1427.6100000000001,5,2.5,534.1800000000001,7.0,2382.48,472.74,1.0,0.0,0.0,0.0,3.5,2.5,0.0,0.0,0.0,0.0,0.0,1.0,0.0,0.0,0.0,0.5,0.0,0.5,0.0,0.5,0.5,0.0,0.0,0
C97603,1,2373.08,2373.08,4,4.0,593.27,5.0,2373.08,2373.08,0.0,0.0,0.0,0.0,9.0,2.0,1.0,0.0,0.0,0.0,0.0,0.0,0.0,0.0,0.0,0.0,0.0,1.0,0.0,1.0,0.0,0.0,0.0,0
C97643,1,2051.0,2051.0,4,4.0,512.75,8.0,2051.0,2051.0,1.0,0.0,0.0,1.0,3.0,6.0,0.0,0.0,1.0,0.0,0.0,0.0,0.0,0.0,0.0,1.0,0.0,0.0,0.0,0.0,1.0,0.0,0.0,0
C97681,1,2166.3,2166.3,5,5.0,433.26,9.0,2166.3,2166.3,1.0,1.0,0.0,0.0,6.0,5.0,0.0,0.0,0.0,0.0,0.0,0.0,1.0,0.0,1.0,0.0,0.0,0.0,0.0,0.0,1.0,0.0,0.0,0
C97715,1,727.82,727.82,2,2.0,363.91,2.0,727.82,727.82,1.0,0.0,0.0,0.0,3.0,5.0,1.0,0.0,0.0,0.0,0.0,0.0,0.0,0.0,0.0,0.0,1.0,0.0,0.0,0.0,0.0,0.0,1.0,1
C97735,1,408.5,408.5,5,5.0,81.7,6.0,408.5,408.5,0.0,1.0,0.0,0.0,12.0,5.0,0.0,0.0,0.0,1.0,0.0,0.0,0.0,0.0,1.0,0.0,0.0,0.0,0.0,0.0,0.0,1.0,0.0,1
C97749,1,1026.06,1026.06,3,3.0,342.02,5.0,1026.06,1026.06,0.0,0.0,0.0,0.0,8.0,1.0,0.0,1.0,0.0,0.0,0.0,0.0,0.0,0.0,0.0,1.0,0.0,0.0,1.0,0.0,0.0,0.0,0.0,1
C97774,1,1807.88,1807.88,4,4.0,451.97,7.0,1807.88,1807.88,1.0,0.0,1.0,0.0,1.0,6.0,0.0,0.0,0.0,1.0,0.0,0.0,0.0,0.0,0.0,0.0,0.0,1.0,1.0,0.0,0.0,0.0,0.0,0
C97907,1,1758.63,1758.63,3,3.0,586.21,4.0,1758.63,1758.63,1.0,0.0,0.0,0.0,8.0,1.0,0.0,0.0,0.0,0.0,0.0,1.0,0.0,0.0,0.0,0.0,1.0,0.0,0.0,0.0,0.0,0.0,1.0,0
C98096,1,635.54,635.54,2,2.0,317.77,4.0,635.54,635.54,1.0,0.0,1.0,0.0,2.0,3.0,0.0,1.0,0.0,0.0,0.0,0.0,0.0,0.0,0.0,1.0,0.0,0.0,0.0,1.0,0.0,0.0,0.0,1
C98168,1,2103.5,2103.5,5,5.0,420.7,5.0,2103.5,2103.5,1.0,0.0,0.0,0.0,1.0,3.0,0.0,0.0,0.0,0.0,1.0,0.0,0.0,1.0,0.0,0.0,0.0,0.0,0.0,1.0,0.0,0.0,0.0,0
C98216,1,2463.75,2463.75,5,5.0,492.75,6.0,2463.75,2463.75,1.0,0.0,0.0,0.0,3.0,2.0,0.0,0.0,1.0,0.0,0.0,0.0,0.0,1.0,0.0,0.0,0.0,0.0,0.0,0.0,0.0,0.0,1.0,0
C98276,1,14.06,14.06,1,1.0,14.06,5.0,14.06,14.06,1.0,0.0,0.0,0.0,5.0,0.0,0.0,0.0,0.0,0.0,1.0,0.0,0.0,0.0,1.0,0.0,0.0,0.0,0.0,0.0,0.0,0.0,1.0,1
C98278,1,1241.49,1241.49,3,3.0,413.83,8.0,1241.49,1241.49,1.0,0.0,0.0,0.0,5.0,4.0,0.0,0.0,0.0,0.0,1.0,0.0,0.0,0.0,0.0,0.0,1.0,0.0,0.0,1.0,0.0,0.0,0.0,0
C98317,1,2786.84,2786.84,4,4.0,696.71,4.0,2786.84,2786.84,0.0,0.0,0.0,0.0,12.0,0.0,0.0,0.0,0.0,1.0,0.0,0.0,0.0,0.0,0.0,1.0,0.0,0.0,0.0,0.0,0.0,1.0,0.0,0
C98332,1,1316.67,1316.67,3,3.0,438.89,3.0,1316.67,1316.67,0.0,0.0,0.0,1.0,1.0,5.0,0.0,0.0,1.0,0.0,0.0,0.0,0.0,1.0,0.0,0.0,0.0,0.0,0.0,1.0,0.0,0.0,0.0,1
C98354,1,151.02,151.02,3,3.0,50.34,3.0,151.02,151.02,1.0,0.0,0.0,1.0,5.0,6.0,0.0,0.0,0.0,0.0,1.0,0.0,0.0,0.0,0.0,0.0,1.0,0.0,0.0,0.0,0.0,1.0,0.0,1
C98450,1,357.64,357.64,4,4.0,89.41,9.0,357.64,357.64,0.0,0.0,0.0,0.0,7.0,3.0,1.0,0.0,0.0,0.0,0.0,0.0,0.0,0.0,0.0,0.0,0.0,1.0,0.0,0.0,1.0,0.0,0.0,1
C98474,2,2175.34,1087.67,6,3.0,370.25,5.5,1388.68,786.66,0.5,0.0,0.0,0.0,4.5,0.0,0.5,0.0,0.0,0.0,0.0,0.0,0.5,0.0,0.0,1.0,0.0,0.0,0.0,0.0,0.0,1.0,0.0,0
C98483,1,110.7,110.7,5,5.0,22.14,10.0,110.7,110.7,0.0,0.0,0.0,1.0,4.0,3.0,0.0,0.0,0.0,0.0,0.0,1.0,0.0,1.0,0.0,0.0,0.0,0.0,0.0,0.0,0.0,1.0,0.0,1
C98635,1,538.68,538.68,1,1.0,538.68,6.0,538.68,538.68,0.0,0.0,0.0,1.0,4.0,2.0,0.0,0.0,0.0,0.0,0.0,1.0,0.0,0.0,0.0,1.0,0.0,0.0,0.0,0.0,0.0,0.0,1.0,1
C98761,1,1994.04,1994.04,4,4.0,498.51,4.0,1994.04,1994.04,1.0,0.0,0.0,0.0,10.0,4.0,1.0,0.0,0.0,0.0,0.0,0.0,0.0,0.0,0.0,1.0,0.0,0.0,0.0,0.0,1.0,0.0,0.0,0
C99023,1,1371.8,1371.8,4,4.0,342.95,6.0,1371.8,1371.8,0.0,1.0,0.0,0.0,11.0,6.0,0.0,0.0,0.0,1.0,0.0,0.0,0.0,1.0,0.0,0.0,0.0,0.0,0.0,0.0,1.0,0.0,0.0,0
C99024,1,684.65,684.65,1,1.0,684.65,1.0,684.65,684.65,1.0,1.0,0.0,0.0,11.0,6.0,0.0,0.0,1.0,0.0,0.0,0.0,0.0,0.0,1.0,0.0,0.0,0.0,1.0,0.0,0.0,0.0,0.0,1
C99050,1,1201.14,1201.14,2,2.0,600.57,3.0,1201.14,1201.14,1.0,0.0,0.0,1.0,3.0,5.0,0.0,0.0,0.0,0.0,0.0,1.0,0.0,0.0,0.0,1.0,0.0,0.0,0.0,0.0,0.0,1.0,0.0,1
C99116,1,2746.44,2746.44,4,4.0,686.61,6.0,2746.44,2746.44,0.0,0.0,0.0,0.0,5.0,0.0,0.0,0.0,1.0,0.0,0.0,0.0,0.0,1.0,0.0,0.0,0.0,0.0,0.0,0.0,0.0,0.0,1.0,0
C99128,1,138.33,138.33,3,3.0,46.11,5.0,138.33,138.33,1.0,0.0,0.0,1.0,8.0,5.0,1.0,0.0,0.0,0.0,0.0,0.0,0.0,0.0,0.0,0.0,1.0,0.0,0.0,0.0,0.0,0.0,1.0,1
C99173,1,1070.52,1070.52,3,3.0,356.84,5.0,1070.52,1070.52,1.0,0.0,0.0,0.0,1.0,1.0,0.0,0.0,0.0,0.0,0.0,1.0,0.0,0.0,0.0,0.0,0.0,1.0,0.0,0.0,0.0,1.0,0.0,1
C99205,1,1024.66,1024.66,2,2.0,512.33,7.0,1024.66,1024.66,0.0,0.0,1.0,0.0,6.0,5.0,0.0,0.0,0.0,0.0,1.0,0.0,0.0,1.0,0.0,0.0,0.0,0.0,0.0,1.0,0.0,0.0,0.0,1
C99214,1,97.86,97.86,3,3.0,32.62,6.0,97.86,97.86,0.0,1.0,0.0,0.0,6.0,6.0,1.0,0.0,0.0,0.0,0.0,0.0,0.0,0.0,0.0,1.0,0.0,0.0,0.0,1.0,0.0,0.0,0.0,1
C99217,1,1435.65,1435.65,5,5.0,287.13,10.0,1435.65,1435.65,1.0,0.0,0.0,0.0,12.0,4.0,0.0,0.0,0.0,0.0,0.0,0.0,1.0,0.0,0.0,0.0,0.0,1.0,1.0,0.0,0.0,0.0,0.0,0
C99271,1,226.58,226.58,2,2.0,113.29,5.0,226.58,226.58,1.0,0.0,0.0,0.0,11.0,5.0,0.0,0.0,0.0,1.0,0.0,0.0,0.0,1.0,0.0,0.0,0.0,0.0,0.0,1.0,0.0,0.0,0.0,1
C99533,1,678.01,678.01,1,1.0,678.01,4.0,678.01,678.01,1.0,0.0,0.0,0.0,3.0,1.0,0.0,0.0,0.0,1.0,0.0,0.0,0.0,1.0,0.0,0.0,0.0,0.0,0.0,0.0,0.0,0.0,1.0,1
C99589,1,641.39,641.39,1,1.0,641.39,1.0,641.39,641.39,0.0,0.0,1.0,0.0,6.0,1.0,0.0,0.0,0.0,0.0,0.0,0.0,1.0,0.0,0.0,0.0,0.0,1.0,0.0,0.0,0.0,0.0,1.0,1
C99683,1,1663.2,1663.2,5,5.0,332.64,10.0,1663.2,1663.2,0.0,1.0,0.0,0.0,1.0,3.0,0.0,0.0,0.0,1.0,0.0,0.0,0.0,0.0,0.0,0.0,1.0,0.0,0.0,0.0,0.0,0.0,1.0,0
C99775,1,1654.84,1654.84,4,4.0,413.71,9.0,1654.84,1654.84,1.0,0.0,1.0,0.0,9.0,1.0,0.0,0.0,1.0,0.0,0.0,0.0,0.0,0.0,0.0,0.0,1.0,0.0,0.0,1.0,0.0,0.0,0.0,0
C99879,1,821.88,821.88,3,3.0,273.96,8.0,821.88,821.88,1.0,0.0,0.0,1.0,3.0,2.0,0.0,0.0,0.0,0.0,1.0,0.0,0.0,0.0,0.0,1.0,0.0,0.0,0.0,0.0,1.0,0.0,0.0,1
C99904,1,646.74,646.74,2,2.0,323.37,3.0,646.74,646.74,1.0,0.0,0.0,0.0,4.0,2.0,0.0,0.0,0.0,0.0,0.0,1.0,0.0,0.0,0.0,0.0,0.0,1.0,0.0,0.0,0.0,1.0,0.0,1
